ticker,harga,chg_pct,skor,uptrend,breakout,pola,rsi,vol_ratio,nilai_20h,beta,sektor,daily,weekly,h1,candle,kondisi,alasan,entry,stop_loss,target
BIKE,1505.0,24.38,86.5,True,True,Bullish Marubozu,78.6,2.91,872173925,0.32,Konsumen Non-Primer,Buy,Buy,Buy,2026-09-28,Tunggu pullback,"RSI 78,6 sudah panas. Tunggu harga turun ke area entry",1330-1415,1240,1640
SOSS,1110.0,24.72,86.5,True,True,Bullish Marubozu,76.9,55.78,3486775,-0.03,Perindustrian,Buy,Buy,,2026-09-28,Hindari dulu,"Transaksi rata-rata di bawah Rp 500 juta/hari, terlalu sepi",,,
UVCR,234.0,17.0,86.5,False,True,Bullish Marubozu,79.6,2.29,16598117295,1.25,Teknologi,Buy,Buy,Buy,2026-09-28,Tunggu pullback,"RSI 79,6 sudah panas. Tunggu harga turun ke area entry",204-218,191,256
SONA,2980.0,24.69,85.0,False,True,Bullish Marubozu,68.8,35.38,19556950,0.29,Konsumen Non-Primer,Buy,Strong Buy,,2026-09-28,Hindari dulu,"Transaksi rata-rata di bawah Rp 500 juta/hari, terlalu sepi",,,
BDKR,166.0,4.4,82.5,False,True,,60.9,2.8,1696301785,0.61,Infrastruktur,Buy,Buy,Buy,2026-09-28,Pantau,"Teknikal bagus, tapi transaksi baru Rp 1,7 M/hari (di bawah Rp 5 M). Gunakan lot kecil",161-166,156,179
LPIN,440.0,2.33,82.5,False,True,,68.5,2.01,52950320,0.45,Konsumen Non-Primer,Buy,Buy,,2026-09-28,Hindari dulu,"Transaksi rata-rata di bawah Rp 500 juta/hari, terlalu sepi",,,
TAXI,18.0,28.57,82.5,False,True,,67.6,17.52,819959145,1.42,Transportasi & Logistik,Buy,Buy,Buy,2026-09-28,Tunggu pullback,Harga sudah jauh di atas MA20. Tunggu turun ke area entry,15-16,14,20
BSWD,1855.0,24.92,82.0,True,True,Bullish Marubozu,95.2,930.0,14925,0.03,Keuangan,Buy,Buy,,2026-09-28,Hindari dulu,"Transaksi rata-rata di bawah Rp 500 juta/hari, terlalu sepi",,,
SMMT,3500.0,11.82,82.0,True,True,Bullish Engulfing,80.8,2.65,2941675525,0.66,Energi,Buy,Buy,Buy,2026-09-28,Tunggu pullback,"RSI 80,8 sudah panas. Tunggu harga turun ke area entry",3080-3290,2870,3820
WMPP,33.0,22.22,81.0,True,False,,57.9,6.25,1141984535,0.66,Konsumen Primer,Buy,Strong Buy,Buy,2026-09-28,Pantau,"Teknikal bagus, tapi transaksi baru Rp 1,1 M/hari (di bawah Rp 5 M). Gunakan lot kecil",31-33,29,38
RSCH,494.0,10.27,79.5,True,True,,82.0,1.58,10840242870,0.61,Kesehatan,Buy,Buy,Buy,2026-09-28,Tunggu pullback,RSI 82 sudah panas. Tunggu harga turun ke area entry,450-472,430,530
BEKS,29.0,31.82,79.0,False,True,Bullish Engulfing,70.9,59.65,226477950,0.98,Keuangan,Buy,Buy,,2026-09-28,Hindari dulu,"Transaksi rata-rata di bawah Rp 500 juta/hari, terlalu sepi",,,
MGRO,725.0,4.32,79.0,False,False,Bullish Engulfing,68.0,1.42,2894429300,0.32,Konsumen Primer,Buy,Buy,Buy,2026-09-28,Tunggu konfirmasi,Bullish Engulfing baru muncul. Tunggu candle berikutnya hijau dan tutup di atas 730,705-725,685,775
TAMU,35.0,34.62,79.0,False,True,Bullish Marubozu,76.0,23.33,212664135,1.45,Energi,Buy,Buy,,2026-09-28,Hindari dulu,"Transaksi rata-rata di bawah Rp 500 juta/hari, terlalu sepi",,,
NASA,40.0,17.65,77.5,False,True,,63.8,26.74,33140370,0.52,Properti & Real Estat,Strong Buy,Strong Buy,,2026-09-28,Hindari dulu,"Transaksi rata-rata di bawah Rp 500 juta/hari, terlalu sepi",,,
PBRX,32.0,33.33,77.5,False,True,Bullish Engulfing,67.8,39.15,189298075,1.37,Konsumen Non-Primer,Buy,Buy,,2026-09-28,Hindari dulu,"Transaksi rata-rata di bawah Rp 500 juta/hari, terlalu sepi",,,
ANDI,29.0,31.82,76.5,False,True,,77.9,27.03,219590330,0.96,Konsumen Primer,Buy,Buy,,2026-09-28,Hindari dulu,"Transaksi rata-rata di bawah Rp 500 juta/hari, terlalu sepi",,,
KREN,19.0,26.67,76.5,False,True,,72.0,29.36,389755955,1.06,Teknologi,Buy,Buy,,2026-09-28,Hindari dulu,"Transaksi rata-rata di bawah Rp 500 juta/hari, terlalu sepi",,,
PURA,39.0,21.88,76.5,False,True,,70.8,42.16,174144960,0.91,Transportasi & Logistik,Buy,Buy,,2026-09-28,Hindari dulu,"Transaksi rata-rata di bawah Rp 500 juta/hari, terlalu sepi",,,
BRAM,4650.0,1.31,75.0,True,False,,51.9,1.26,3324300,0.14,Konsumen Non-Primer,Neutral,Buy,,2026-09-28,Hindari dulu,"Transaksi rata-rata di bawah Rp 500 juta/hari, terlalu sepi",,,
BTEK,14.0,27.27,75.0,False,True,,62.0,7.61,1458517185,1.33,Konsumen Primer,Buy,Buy,Buy,2026-09-28,Tunggu pullback,Harga sudah jauh di atas MA20. Tunggu turun ke area entry,11-12,10,16
IKAI,24.0,20.0,75.0,False,True,,68.6,15.14,362885615,1.14,Perindustrian,Buy,Buy,,2026-09-28,Hindari dulu,"Transaksi rata-rata di bawah Rp 500 juta/hari, terlalu sepi",,,
SAGE,38.0,15.15,75.0,False,True,,67.4,24.54,207357085,1.25,Properti & Real Estat,Buy,Buy,,2026-09-28,Hindari dulu,"Transaksi rata-rata di bawah Rp 500 juta/hari, terlalu sepi",,,
URBN,306.0,9.29,74.5,True,True,,87.2,11.02,61473260,0.65,Properti & Real Estat,Buy,Buy,,2026-09-28,Hindari dulu,"Transaksi rata-rata di bawah Rp 500 juta/hari, terlalu sepi",,,
PNGO,3630.0,6.76,73.0,False,False,Bullish Marubozu,55.6,0.2,12163050,0.32,Konsumen Primer,Strong Buy,Buy,,2026-09-28,Hindari dulu,"Transaksi rata-rata di bawah Rp 500 juta/hari, terlalu sepi",,,
ADES,36650.0,7.79,71.5,False,True,,72.6,10.15,341781375,0.13,Konsumen Primer,Buy,Buy,,2026-09-28,Hindari dulu,"Transaksi rata-rata di bawah Rp 500 juta/hari, terlalu sepi",,,
DNET,9900.0,1.8,71.5,True,False,Bullish Engulfing,53.1,0.64,96053750,0.11,Keuangan,Strong Buy,Buy,,2026-09-28,Hindari dulu,"Transaksi rata-rata di bawah Rp 500 juta/hari, terlalu sepi",,,
SGER,745.0,1.36,71.5,True,False,Bullish Engulfing,73.1,1.31,39245332725,1.39,Energi,Buy,Buy,Buy,2026-09-28,Tunggu konfirmasi,Bullish Engulfing baru muncul. Tunggu candle berikutnya hijau dan tutup di atas 760,700-745,660,850
TARA,39.0,21.88,71.5,False,True,,72.8,24.94,51782920,0.78,Properti & Real Estat,Buy,Strong Buy,,2026-09-28,Hindari dulu,"Transaksi rata-rata di bawah Rp 500 juta/hari, terlalu sepi",,,
SEMA,330.0,25.0,70.8,True,True,,98.1,2.1,4560519165,0.67,Energi,Buy,Buy,Buy,2026-09-28,Tunggu pullback,"RSI 98,1 sudah panas. Tunggu harga turun ke area entry",296-312,278,356
MAPI,1550.0,2.65,70.5,False,False,,61.9,0.78,10917958850,0.39,Konsumen Non-Primer,Buy,Buy,Buy,2026-09-28,Kandidat kuat,"Tren harian dan mingguan naik, RSI 61,9 sehat",1490-1550,1430,1700
IFSH,1250.0,25.0,70.0,False,True,Bullish Engulfing,65.7,16.68,10200475,0.65,Barang Baku,Buy,Buy,,2026-09-28,Hindari dulu,"Transaksi rata-rata di bawah Rp 500 juta/hari, terlalu sepi",,,
MEJA,157.0,9.79,69.2,True,False,,77.0,1.18,4586940405,1.37,Konsumen Non-Primer,Buy,Buy,Buy,2026-09-28,Tunggu pullback,RSI 77 sudah panas. Tunggu harga turun ke area entry,139-148,131,170
MIRA,32.0,33.33,69.0,False,True,,73.9,28.02,161628660,1.21,Transportasi & Logistik,Buy,Buy,,2026-09-28,Hindari dulu,"Transaksi rata-rata di bawah Rp 500 juta/hari, terlalu sepi",,,
PTBA,3180.0,2.91,69.0,True,False,,72.8,1.15,155880792350,0.49,Energi,Buy,Buy,Buy,2026-09-28,Pantau,"Tren naik, tapi RSI 72,8 belum di zona ideal 45-70",3080-3180,2980,3430
PPRO,20.0,33.33,67.5,False,True,,67.3,13.22,513197870,0.64,Properti & Real Estat,Buy,Buy,Buy,2026-09-28,Tunggu pullback,Harga sudah jauh di atas MA20. Tunggu turun ke area entry,17-18,16,22
BLTA,43.0,34.38,67.0,False,True,Bullish Marubozu,80.5,135.99,143335835,1.2,Transportasi & Logistik,Buy,Buy,,2026-09-28,Hindari dulu,"Transaksi rata-rata di bawah Rp 500 juta/hari, terlalu sepi",,,
DOOH,376.0,3.3,67.0,True,False,,53.4,2.46,33153932410,2.26,Konsumen Non-Primer,Buy,Strong Buy,Sell,2026-09-28,Tunggu pantulan,"Tren naik, tapi 1H/2H sedang koreksi. Tunggu berbalik Buy",374-376,342,442
KETR,1005.0,3.08,67.0,True,False,,65.3,1.75,42061108250,1.76,Infrastruktur,Buy,Buy,Strong Buy,2026-09-28,Kandidat kuat,"Tren harian dan mingguan naik, RSI 65,3 sehat",925-1005,845,1205
KJEN,168.0,6.33,67.0,False,False,Bullish Engulfing,58.6,2.35,4151598725,1.26,Transportasi & Logistik,Buy,Strong Buy,Strong Buy,2026-09-28,Tunggu konfirmasi,Bullish Engulfing baru muncul. Tunggu candle berikutnya hijau dan tutup di atas 176,161-168,149,197
MAPB,1200.0,8.11,67.0,False,False,Bullish Engulfing,52.3,15.86,1627575,0.01,Konsumen Non-Primer,Buy,Neutral,,2026-09-28,Hindari dulu,"Transaksi rata-rata di bawah Rp 500 juta/hari, terlalu sepi",,,
PCAR,58.0,3.57,67.0,True,True,,84.3,65.11,159521205,0.65,Konsumen Primer,Buy,Buy,,2026-09-28,Hindari dulu,"Transaksi rata-rata di bawah Rp 500 juta/hari, terlalu sepi",,,
BSSR,5400.0,0.47,66.2,True,False,,74.8,2.14,11386442825,0.17,Energi,Buy,Buy,Buy,2026-09-28,Tunggu pullback,Harga sudah jauh di atas MA20. Tunggu turun ke area entry,5150-5275,5025,5600
DSFI,100.0,9.89,64.5,False,False,,60.1,1.59,3856931490,1.38,Konsumen Primer,Strong Buy,Strong Buy,Strong Buy,2026-09-28,Pantau,"Teknikal bagus, tapi transaksi baru Rp 3,9 M/hari (di bawah Rp 5 M). Gunakan lot kecil",91-100,83,121
PKPK,5900.0,5.83,64.0,True,False,Bullish Engulfing,85.4,1.93,12796032025,1.03,Energi,Buy,Buy,Buy,2026-09-28,Tunggu pullback,"RSI 85,4 sudah panas. Tunggu harga turun ke area entry",5225-5550,4890,6425
ASMI,19.0,18.75,62.5,False,True,,65.2,11.45,280189925,0.98,Keuangan,Buy,Neutral,,2026-09-28,Hindari dulu,"Transaksi rata-rata di bawah Rp 500 juta/hari, terlalu sepi",,,
ERAA,610.0,1.67,62.5,True,False,Bullish Engulfing,64.3,0.39,93483039400,0.77,Konsumen Non-Primer,Buy,Buy,Strong Buy,2026-09-28,Tunggu konfirmasi,Bullish Engulfing baru muncul. Tunggu candle berikutnya hijau dan tutup di atas 615,590-610,565,675
MPIX,199.0,9.34,62.5,True,False,Bullish Marubozu,68.7,0.39,9391401155,0.95,Teknologi,Strong Buy,Buy,Strong Buy,2026-09-28,Tunggu konfirmasi,Bullish Marubozu baru muncul. Tunggu candle berikutnya hijau dan tutup di atas 200,178-199,158,250
RSGK,1055.0,0.48,62.5,False,False,Bullish Engulfing,59.7,0.14,51013275,0.54,Kesehatan,Strong Buy,Strong Buy,,2026-09-28,Hindari dulu,"Transaksi rata-rata di bawah Rp 500 juta/hari, terlalu sepi",,,
VICI,985.0,2.07,62.5,False,False,Hammer,53.3,0.61,10457061750,0.75,Konsumen Primer,Neutral,Strong Buy,Buy,2026-09-28,Pantau,Belum ada arah yang jelas,940-985,855,1180
PANS,1660.0,0.0,61.5,False,False,,64.4,0.57,328393700,0.41,Keuangan,Buy,Strong Buy,,2026-09-28,Hindari dulu,"Transaksi rata-rata di bawah Rp 500 juta/hari, terlalu sepi",,,
DGIK,139.0,8.59,61.0,False,False,Bullish Engulfing,53.3,1.02,1331719985,0.71,Infrastruktur,Buy,Strong Buy,Buy,2026-09-28,Tunggu konfirmasi,Bullish Engulfing baru muncul. Tunggu candle berikutnya hijau dan tutup di atas 139,138-139,130,155
HBAT,374.0,3.89,61.0,False,False,Hammer,62.4,1.18,741732330,0.31,Properti & Real Estat,Buy,Strong Buy,Neutral,2026-09-28,Tunggu konfirmasi,Hammer baru muncul. Tunggu candle berikutnya hijau dan tutup di atas 376,344-374,316,446
SMIL,430.0,1.42,61.0,False,False,Hammer,54.4,1.37,20196139810,0.5,Perindustrian,Buy,Buy,Neutral,2026-09-28,Tunggu konfirmasi,Hammer baru muncul. Tunggu candle berikutnya hijau dan tutup di atas 436,418-430,398,478
KDSI,464.0,0.43,60.2,True,False,,52.9,0.2,6626160,0.07,Barang Baku,Buy,Buy,,2026-09-28,Hindari dulu,"Transaksi rata-rata di bawah Rp 500 juta/hari, terlalu sepi",,,
ARII,330.0,1.23,60.0,True,False,,65.1,0.44,161248920,0.58,Energi,Strong Buy,Strong Buy,,2026-09-28,Hindari dulu,"Transaksi rata-rata di bawah Rp 500 juta/hari, terlalu sepi",,,
EPMT,2640.0,0.38,60.0,True,False,,69.2,0.4,301377350,0.08,Konsumen Primer,Strong Buy,Strong Buy,,2026-09-28,Hindari dulu,"Transaksi rata-rata di bawah Rp 500 juta/hari, terlalu sepi",,,
GGRP,340.0,1.19,60.0,True,False,,62.8,0.53,642995730,0.47,Barang Baku,Strong Buy,Buy,Buy,2026-09-28,Pantau,"Teknikal bagus, tapi transaksi baru Rp 0,6 M/hari (di bawah Rp 5 M). Gunakan lot kecil",328-340,316,370
AKKU,41.0,-8.89,59.5,True,False,,61.2,48.51,24902430,0.48,Konsumen Non-Primer,Strong Buy,Strong Buy,,2026-09-28,Hindari dulu,"Transaksi rata-rata di bawah Rp 500 juta/hari, terlalu sepi",,,
AMAR,226.0,-0.88,59.5,False,False,Hammer,43.1,10.55,122797600,0.47,Keuangan,Neutral,Buy,,2026-09-28,Hindari dulu,"Transaksi rata-rata di bawah Rp 500 juta/hari, terlalu sepi",,,
ISAP,25.0,8.7,59.5,False,False,Bullish Engulfing,51.5,2.08,1368297445,1.52,Konsumen Non-Primer,Buy,Neutral,Buy,2026-09-28,Tunggu konfirmasi,Bullish Engulfing baru muncul. Tunggu candle berikutnya hijau dan tutup di atas 25,24-25,23,29
ROCK,2270.0,7.58,59.5,False,False,,64.5,3.32,306549725,1.39,Properti & Real Estat,Strong Buy,Strong Buy,,2026-09-28,Hindari dulu,"Transaksi rata-rata di bawah Rp 500 juta/hari, terlalu sepi",,,
TFCO,885.0,-5.35,59.5,True,False,,57.1,4.58,2223350,0.22,Konsumen Non-Primer,Strong Buy,Buy,,2026-09-28,Hindari dulu,"Transaksi rata-rata di bawah Rp 500 juta/hari, terlalu sepi",,,
MMIX,895.0,0.56,58.0,True,False,,78.7,0.65,24685743950,0.16,Kesehatan,Buy,Buy,Strong Buy,2026-09-28,Tunggu pullback,"RSI 78,7 sudah panas. Tunggu harga turun ke area entry",840-860,810,940
ADMF,8675.0,0.29,57.2,False,False,,49.3,2.01,491819500,0.33,Keuangan,Neutral,Neutral,,2026-09-28,Hindari dulu,"Transaksi rata-rata di bawah Rp 500 juta/hari, terlalu sepi",,,
ALDO,960.0,0.0,57.2,True,False,,60.2,1.31,81779125,0.18,Barang Baku,Buy,Strong Buy,,2026-09-28,Hindari dulu,"Transaksi rata-rata di bawah Rp 500 juta/hari, terlalu sepi",,,
BSML,540.0,0.0,57.2,True,False,,53.9,1.1,6695260750,0.8,Energi,Neutral,Buy,Sell,2026-09-28,Pantau,Belum ada arah yang jelas,535-540,515,580
CBRE,795.0,8.16,57.0,False,False,,63.6,1.94,16104617400,1.88,Energi,Buy,Buy,Buy,2026-09-28,Kandidat kuat,"Tren harian dan mingguan naik, RSI 63,6 sehat",750-795,710,900
DAAZ,1840.0,2.79,57.0,False,False,,67.3,1.82,866449150,1.18,Barang Baku,Buy,Buy,Strong Buy,2026-09-28,Pantau,"Teknikal bagus, tapi transaksi baru Rp 0,9 M/hari (di bawah Rp 5 M). Gunakan lot kecil",1730-1840,1625,2110
KINO,1345.0,1.13,57.0,False,False,,47.8,2.15,72490250,0.34,Konsumen Primer,Neutral,Strong Buy,,2026-09-28,Hindari dulu,"Transaksi rata-rata di bawah Rp 500 juta/hari, terlalu sepi",,,
MAYA,206.0,-0.96,57.0,False,False,,57.3,1.54,675483570,0.72,Keuangan,Buy,Buy,Buy,2026-09-28,Pantau,"Teknikal bagus, tapi transaksi baru Rp 0,7 M/hari (di bawah Rp 5 M). Gunakan lot kecil",200-206,193,224
DUTI,4800.0,0.21,56.5,True,False,,76.7,1.24,2325800,-0.08,Properti & Real Estat,Buy,Buy,,2026-09-28,Hindari dulu,"Transaksi rata-rata di bawah Rp 500 juta/hari, terlalu sepi",,,
MBSS,2890.0,0.0,56.5,True,False,,58.0,0.23,5371017200,1.14,Energi,Buy,Buy,Sell,2026-09-28,Tunggu pantulan,"Tren naik, tapi 1H/2H sedang koreksi. Tunggu berbalik Buy",2870-2890,2850,2950
VIVA,48.0,33.33,55.8,False,False,,56.0,9.11,1143401375,1.66,Konsumen Non-Primer,Buy,Buy,Buy,2026-09-28,Pantau,"Teknikal bagus, tapi transaksi baru Rp 1,1 M/hari (di bawah Rp 5 M). Gunakan lot kecil",44-48,41,57
BMHS,200.0,0.0,55.0,True,False,,62.7,0.78,223893175,0.41,Kesehatan,Buy,Buy,,2026-09-28,Hindari dulu,"Transaksi rata-rata di bawah Rp 500 juta/hari, terlalu sepi",,,
CBPE,510.0,0.0,55.0,True,False,,53.3,0.5,104705810,0.35,Properti & Real Estat,Buy,Strong Buy,,2026-09-28,Hindari dulu,"Transaksi rata-rata di bawah Rp 500 juta/hari, terlalu sepi",,,
MARK,1175.0,-0.42,55.0,True,False,,59.5,0.91,17473155800,0.48,Perindustrian,Strong Buy,Strong Buy,Neutral,2026-09-28,Kandidat kuat,"Tren harian dan mingguan naik, RSI 59,5 sehat",1125-1175,1080,1290
PORT,950.0,1.6,55.0,False,False,Hammer,57.0,0.98,31275450,0.6,Infrastruktur,Buy,Strong Buy,,2026-09-28,Hindari dulu,"Transaksi rata-rata di bawah Rp 500 juta/hari, terlalu sepi",,,
PTSP,1190.0,0.0,55.0,False,False,Hammer,52.9,0.12,495129950,0.45,Konsumen Non-Primer,Neutral,Buy,,2026-09-28,Hindari dulu,"Transaksi rata-rata di bawah Rp 500 juta/hari, terlalu sepi",,,
SCCO,2570.0,-0.77,55.0,False,False,Hammer,50.7,0.15,876740850,0.32,Perindustrian,Buy,Buy,Sell,2026-09-28,Tunggu konfirmasi,Hammer baru muncul. Tunggu candle berikutnya hijau dan tutup di atas 2.580,2490-2570,2340,2920
TUGU,1570.0,0.64,55.0,True,False,,63.0,0.26,5543756650,0.62,Keuangan,Strong Buy,Buy,Strong Buy,2026-09-28,Kandidat kuat,"Tren harian dan mingguan naik, RSI 63 sehat",1505-1570,1440,1730
YULE,3580.0,0.0,55.0,False,False,Hammer,50.3,0.15,119737850,0.08,Keuangan,Buy,Strong Buy,,2026-09-28,Hindari dulu,"Transaksi rata-rata di bawah Rp 500 juta/hari, terlalu sepi",,,
JRPT,1150.0,0.0,54.2,True,False,,77.9,0.22,690854000,0.07,Properti & Real Estat,Buy,Buy,Buy,2026-09-28,Tunggu pullback,"RSI 77,9 sudah panas. Tunggu harga turun ke area entry",1120-1130,1100,1175
MSJA,840.0,-2.89,53.5,True,False,,68.7,1.21,11741746430,0.45,Konsumen Primer,Buy,Buy,Sell,2026-09-28,Tunggu pantulan,"Tren naik, tapi 1H/2H sedang koreksi. Tunggu berbalik Buy",780-840,720,990
MTLA,615.0,6.96,53.5,False,False,,79.1,20.16,58639300,0.04,Properti & Real Estat,Buy,Strong Buy,,2026-09-28,Hindari dulu,"Transaksi rata-rata di bawah Rp 500 juta/hari, terlalu sepi",,,
PSAB,530.0,-0.93,53.5,False,False,Hammer,42.8,1.25,37834444775,0.82,Barang Baku,Sell,Buy,Sell,2026-09-28,Tunggu konfirmasi,Hammer baru muncul. Tunggu candle berikutnya hijau dan tutup di atas 535,515-530,490,590
PSSI,362.0,2.26,53.5,True,False,,62.7,1.21,215731020,0.62,Energi,Strong Buy,Buy,,2026-09-28,Hindari dulu,"Transaksi rata-rata di bawah Rp 500 juta/hari, terlalu sepi",,,
TEBE,2180.0,-6.84,53.5,True,False,,65.1,1.02,39591107275,1.9,Energi,Buy,Buy,Neutral,2026-09-28,Kandidat kuat,"Tren harian dan mingguan naik, RSI 65,1 sehat",1990-2180,1805,2650
VISI,1250.0,-10.07,53.5,True,False,,61.3,1.31,3208881850,0.5,Perindustrian,Buy,Buy,Sell,2026-09-28,Tunggu pantulan,"Tren naik, tapi 1H/2H sedang koreksi. Tunggu berbalik Buy",1150-1250,1050,1500
ASPI,680.0,4.62,52.5,False,False,,64.4,0.57,2030774675,1.5,Properti & Real Estat,Strong Buy,Strong Buy,Buy,2026-09-28,Pantau,"Teknikal bagus, tapi transaksi baru Rp 2,0 M/hari (di bawah Rp 5 M). Gunakan lot kecil",600-680,525,870
BTPN,2360.0,0.85,52.5,False,False,,56.5,0.34,92159300,0.31,Keuangan,Buy,Strong Buy,,2026-09-28,Hindari dulu,"Transaksi rata-rata di bawah Rp 500 juta/hari, terlalu sepi",,,
HELI,250.0,4.17,52.5,False,False,,66.8,0.52,844363160,0.86,Transportasi & Logistik,Strong Buy,Buy,Buy,2026-09-28,Pantau,"Teknikal bagus, tapi transaksi baru Rp 0,8 M/hari (di bawah Rp 5 M). Gunakan lot kecil",226-250,204,306
INDR,2950.0,0.34,52.5,False,False,,59.6,0.56,248034000,0.82,Konsumen Non-Primer,Buy,Buy,,2026-09-28,Hindari dulu,"Transaksi rata-rata di bawah Rp 500 juta/hari, terlalu sepi",,,
KBLI,348.0,-1.14,52.5,False,False,,50.1,0.18,1056480040,0.2,Perindustrian,Neutral,Buy,Sell,2026-09-28,Pantau,Belum ada arah yang jelas,338-348,320,388
MITI,262.0,-0.76,52.5,False,False,,54.2,0.19,4519447230,1.56,Transportasi & Logistik,Neutral,Buy,Sell,2026-09-28,Pantau,Belum ada arah yang jelas,256-262,230,318
POLA,77.0,8.45,52.5,False,False,,58.3,0.36,8575663760,1.05,Keuangan,Buy,Strong Buy,Strong Buy,2026-09-28,Kandidat kuat,"Tren harian dan mingguan naik, RSI 58,3 sehat",70-77,62,97
TRST,474.0,0.0,52.5,False,False,,52.1,0.37,35915110,0.34,Barang Baku,Buy,Buy,,2026-09-28,Hindari dulu,"Transaksi rata-rata di bawah Rp 500 juta/hari, terlalu sepi",,,
CARS,113.0,-9.6,52.0,False,False,,50.9,1.86,1366294705,1.12,Konsumen Non-Primer,Neutral,Buy,Sell,2026-09-28,Pantau,Belum ada arah yang jelas,109-113,102,129
HADE,27.0,-6.9,52.0,False,False,,58.7,12.26,387992660,1.05,Infrastruktur,Strong Buy,Strong Buy,,2026-09-28,Hindari dulu,"Transaksi rata-rata di bawah Rp 500 juta/hari, terlalu sepi",,,
JAWA,169.0,-9.14,52.0,False,False,,55.7,5.21,6014905485,1.24,Konsumen Primer,Buy,Strong Buy,Neutral,2026-09-28,Kandidat kuat,"Tren harian dan mingguan naik, RSI 55,7 sehat",157-169,135,220
MBTO,176.0,-14.56,52.0,False,False,,61.8,10.27,4439006100,0.79,Konsumen Primer,Strong Buy,Strong Buy,Buy,2026-09-28,Pantau,"Teknikal bagus, tapi transaksi baru Rp 4,4 M/hari (di bawah Rp 5 M). Gunakan lot kecil",159-176,143,218
NFCX,1720.0,0.29,52.0,False,False,,56.5,1.79,16888775,0.12,Teknologi,Buy,Buy,,2026-09-28,Hindari dulu,"Transaksi rata-rata di bawah Rp 500 juta/hari, terlalu sepi",,,
PACK,585.0,-9.3,52.0,False,False,,60.2,3.46,57547472000,1.51,Barang Baku,Buy,Neutral,Buy,2026-09-28,Pantau,Belum ada arah yang jelas,565-585,535,655
SHID,770.0,-14.92,52.0,False,False,,55.4,2.34,305719450,0.04,Konsumen Non-Primer,Buy,Buy,,2026-09-28,Hindari dulu,"Transaksi rata-rata di bawah Rp 500 juta/hari, terlalu sepi",,,
AGII,3380.0,-2.03,51.2,True,False,,57.4,0.32,1789080250,0.88,Barang Baku,Buy,Strong Buy,Sell,2026-09-28,Tunggu pantulan,"Tren naik, tapi 1H/2H sedang koreksi. Tunggu berbalik Buy",3240-3380,3060,3820
AYAM,498.0,-0.4,51.2,True,False,,58.1,0.22,11796292275,1.07,Konsumen Primer,Buy,Strong Buy,Strong Buy,2026-09-28,Kandidat kuat,"Tren harian dan mingguan naik, RSI 58,1 sehat",494-498,476,540
IPAC,189.0,0.0,51.2,True,False,,63.1,0.0,11704105,0.45,Properti & Real Estat,Buy,Strong Buy,,2026-09-28,Hindari dulu,"Transaksi rata-rata di bawah Rp 500 juta/hari, terlalu sepi",,,
MGLV,15000.0,0.17,51.2,True,False,,64.5,0.55,19247134250,0.73,Konsumen Non-Primer,Buy,Buy,Neutral,2026-09-28,Tunggu pantulan,"Tren naik, tapi 1H/2H sedang koreksi. Tunggu berbalik Buy",14175-15000,13075,17600
NEST,760.0,-0.65,51.2,True,False,,58.6,0.6,6755689050,0.57,Konsumen Primer,Buy,Buy,Neutral,2026-09-28,Kandidat kuat,"Tren harian dan mingguan naik, RSI 58,6 sehat",740-760,720,820
WIDI,28.0,3.7,51.0,False,False,,53.9,1.27,506904500,1.19,Perindustrian,Buy,Buy,Buy,2026-09-28,Pantau,"Teknikal bagus, tapi transaksi baru Rp 0,5 M/hari (di bawah Rp 5 M). Gunakan lot kecil",27-28,25,33
ALKA,7400.0,0.0,49.8,True,False,,88.4,0.0,654437900,1.54,Barang Baku,Buy,Buy,Buy,2026-09-28,Tunggu pullback,"RSI 88,4 sudah panas. Tunggu harga turun ke area entry",7000-7200,6825,7700
INPS,1065.0,0.0,49.8,True,False,,80.6,0.0,275062375,0.62,Energi,Buy,Buy,,2026-09-28,Hindari dulu,"Transaksi rata-rata di bawah Rp 500 juta/hari, terlalu sepi",,,
PPGL,468.0,0.0,49.8,True,False,,94.9,0.0,891856110,1.02,Transportasi & Logistik,Buy,Buy,Buy,2026-09-28,Tunggu pullback,"RSI 94,9 sudah panas. Tunggu harga turun ke area entry",456-460,450,478
PRIM,120.0,-0.83,49.8,False,False,,54.6,1.02,804577205,0.6,Kesehatan,Buy,Strong Buy,Strong Sell,2026-09-28,Tunggu pantulan,"Tren naik, tapi 1H/2H sedang koreksi. Tunggu berbalik Buy",117-120,112,132
TRUK,2580.0,0.0,49.8,True,False,,97.7,0.0,476720925,1.76,Transportasi & Logistik,Buy,Buy,,2026-09-28,Hindari dulu,"Transaksi rata-rata di bawah Rp 500 juta/hari, terlalu sepi",,,
VICO,170.0,1.19,49.8,False,False,,61.6,1.24,307027305,0.76,Keuangan,Buy,Strong Buy,,2026-09-28,Hindari dulu,"Transaksi rata-rata di bawah Rp 500 juta/hari, terlalu sepi",,,
WAPO,352.0,0.0,49.8,True,False,,96.6,0.0,1859729360,0.72,Konsumen Primer,Buy,Buy,Buy,2026-09-28,Tunggu pullback,"RSI 96,6 sudah panas. Tunggu harga turun ke area entry",308-330,288,384
UNSP,344.0,2.38,49.0,False,False,,99.4,2.17,3064716640,1.2,Konsumen Primer,Buy,Strong Buy,Buy,2026-09-28,Tunggu pullback,"RSI 99,4 sudah panas. Tunggu harga turun ke area entry",306-324,286,374
GDYR,1110.0,0.0,48.2,False,False,,49.8,4.08,8633225,0.19,Konsumen Non-Primer,Neutral,Neutral,,2026-09-28,Hindari dulu,"Transaksi rata-rata di bawah Rp 500 juta/hari, terlalu sepi",,,
MKAP,1125.0,0.0,48.2,False,False,,48.7,1.56,1231122600,-0.06,Energi,Buy,Neutral,Buy,2026-09-28,Pantau,Belum ada arah yang jelas,1120-1125,1105,1160
WINR,29.0,11.54,48.2,False,False,,60.5,4.74,1212417845,1.37,Properti & Real Estat,Strong Buy,Buy,Strong Buy,2026-09-28,Pantau,"Teknikal bagus, tapi transaksi baru Rp 1,2 M/hari (di bawah Rp 5 M). Gunakan lot kecil",26-29,24,35
AADI,11625.0,3.33,47.5,False,False,,57.8,0.7,142226479750,0.41,Energi,Buy,Buy,Strong Buy,2026-09-28,Kandidat kuat,"Tren harian dan mingguan naik, RSI 57,8 sehat",11400-11625,11000,12550
ARGO,1265.0,-0.78,47.5,True,False,,64.5,0.75,285944600,0.76,Konsumen Non-Primer,Strong Buy,Buy,,2026-09-28,Hindari dulu,"Transaksi rata-rata di bawah Rp 500 juta/hari, terlalu sepi",,,
AYLS,214.0,3.88,47.5,False,False,,71.6,1.42,4699789360,0.93,Barang Baku,Buy,Buy,Buy,2026-09-28,Pantau,"Tren naik, tapi RSI 71,6 belum di zona ideal 45-70",193-214,173,266
BKDP,184.0,-1.6,47.5,True,False,,54.7,0.16,6497308545,0.59,Properti & Real Estat,Buy,Strong Buy,Buy,2026-09-28,Kandidat kuat,"Tren harian dan mingguan naik, RSI 54,7 sehat",175-184,158,222
BNBA,845.0,-0.59,47.5,False,False,,60.0,0.26,817750275,1.03,Keuangan,Strong Buy,Strong Buy,Neutral,2026-09-28,Pantau,"Teknikal bagus, tapi transaksi baru Rp 0,8 M/hari (di bawah Rp 5 M). Gunakan lot kecil",805-845,755,960
CLAY,2770.0,0.73,47.5,False,False,,57.5,0.99,49097800,0.04,Konsumen Non-Primer,Strong Buy,Strong Buy,,2026-09-28,Hindari dulu,"Transaksi rata-rata di bawah Rp 500 juta/hari, terlalu sepi",,,
CLPI,1590.0,-0.31,47.5,False,False,Hammer,42.0,0.77,170579725,0.46,Barang Baku,Sell,Buy,,2026-09-28,Hindari dulu,"Transaksi rata-rata di bawah Rp 500 juta/hari, terlalu sepi",,,
CSMI,193.0,-4.46,47.5,False,False,,52.2,0.79,8468224340,1.25,Konsumen Non-Primer,Sell,Buy,Sell,2026-09-28,Pantau,"Tren harian melemah, mingguan masih bertahan",181-193,158,246
HOPE,270.0,-3.57,47.5,True,False,,57.7,0.26,14612186460,1.92,Perindustrian,Buy,Buy,Neutral,2026-09-28,Kandidat kuat,"Tren harian dan mingguan naik, RSI 57,7 sehat",244-270,218,336
JAYA,150.0,-1.32,47.5,False,False,Hammer,48.7,0.12,4490905135,1.07,Transportasi & Logistik,Neutral,Strong Buy,Sell,2026-09-28,Tunggu konfirmasi,Hammer baru muncul. Tunggu candle berikutnya hijau dan tutup di atas 152,143-150,131,178
KICI,294.0,0.0,47.5,True,False,,58.7,0.1,5826417230,1.25,Konsumen Non-Primer,Buy,Strong Buy,Neutral,2026-09-28,Kandidat kuat,"Tren harian dan mingguan naik, RSI 58,7 sehat",282-294,252,360
MOLI,360.0,-2.7,47.5,True,False,,60.9,0.52,4153121520,0.88,Barang Baku,Buy,Buy,Sell,2026-09-28,Tunggu pantulan,"Tren naik, tapi 1H/2H sedang koreksi. Tunggu berbalik Buy",338-360,316,414
MPXL,222.0,1.83,47.5,False,False,,72.8,1.11,1984295805,0.88,Transportasi & Logistik,Buy,Buy,Buy,2026-09-28,Tunggu pullback,Harga sudah jauh di atas MA20. Tunggu turun ke area entry,191-206,176,246
RANC,560.0,0.9,47.5,False,False,Hammer,59.8,0.11,23866275,0.55,Konsumen Primer,Strong Buy,Neutral,,2026-09-28,Hindari dulu,"Transaksi rata-rata di bawah Rp 500 juta/hari, terlalu sepi",,,
RELI,520.0,-1.89,47.5,False,False,Hammer,43.9,0.11,19495975,0.28,Keuangan,Sell,Buy,,2026-09-28,Hindari dulu,"Transaksi rata-rata di bawah Rp 500 juta/hari, terlalu sepi",,,
SMLE,250.0,-11.35,47.5,True,False,,64.5,0.46,8088313430,1.51,Barang Baku,Buy,Buy,Neutral,2026-09-28,Kandidat kuat,"Tren harian dan mingguan naik, RSI 64,5 sehat",228-250,208,302
SRSN,116.0,-5.69,47.5,True,False,,58.1,0.45,51540718580,0.7,Barang Baku,Buy,Strong Buy,Sell,2026-09-28,Tunggu pantulan,"Tren naik, tapi 1H/2H sedang koreksi. Tunggu berbalik Buy",110-116,99,140
SURE,3060.0,-1.29,47.5,True,False,,55.8,0.09,57149000,0.21,Energi,Strong Buy,Strong Buy,,2026-09-28,Hindari dulu,"Transaksi rata-rata di bawah Rp 500 juta/hari, terlalu sepi",,,
TMPO,166.0,-7.26,47.5,True,False,,50.7,0.66,7184934260,0.83,Konsumen Non-Primer,Buy,Strong Buy,Neutral,2026-09-28,Kandidat kuat,"Tren harian dan mingguan naik, RSI 50,7 sehat",163-166,147,200
TOSK,75.0,-6.25,47.5,False,False,Hammer,41.0,0.97,3566258105,0.99,Teknologi,Sell,Buy,Strong Sell,2026-09-28,Tunggu konfirmasi,Hammer baru muncul. Tunggu candle berikutnya hijau dan tutup di atas 78,72-75,67,87
TRIM,775.0,-3.73,47.5,True,False,,56.2,0.25,1098335850,0.93,Keuangan,Neutral,Strong Buy,Sell,2026-09-28,Pantau,Belum ada arah yang jelas,760-775,705,895
SINI,18300.0,0.0,46.8,False,False,,76.5,0.0,201129627625,1.66,Perindustrian,Buy,Buy,Buy,2026-09-28,Tunggu pullback,"RSI 76,5 sudah panas. Tunggu harga turun ke area entry",16275-17275,15250,19825
BMBL,31.0,6.9,46.0,False,False,Bullish Marubozu,54.8,1.06,828981655,0.92,Konsumen Non-Primer,Buy,Neutral,Buy,2026-09-28,Tunggu konfirmasi,Bullish Marubozu baru muncul. Tunggu candle berikutnya hijau dan tutup di atas 31,29-31,27,37
CSIS,204.0,2.51,46.0,False,False,Hammer,49.3,1.4,311377960,1.27,Properti & Real Estat,Buy,Buy,,2026-09-28,Hindari dulu,"Transaksi rata-rata di bawah Rp 500 juta/hari, terlalu sepi",,,
SOCI,610.0,-6.15,46.0,False,False,,50.3,1.25,16830109150,2.03,Energi,Neutral,Strong Buy,Sell,2026-09-28,Pantau,Belum ada arah yang jelas,585-610,540,715
ABDA,4920.0,-0.2,45.2,True,False,,73.7,0.01,84079700,0.03,Keuangan,Buy,Buy,,2026-09-28,Hindari dulu,"Transaksi rata-rata di bawah Rp 500 juta/hari, terlalu sepi",,,
BHAT,1770.0,0.0,45.2,False,False,,67.7,0.0,0,0.37,Keuangan,Buy,Buy,,2026-09-28,Hindari dulu,"Transaksi rata-rata di bawah Rp 500 juta/hari, terlalu sepi",,,
EDGE,4790.0,0.0,45.2,False,False,,53.3,0.0,0,0.06,Teknologi,Neutral,Buy,,2026-09-28,Hindari dulu,"Transaksi rata-rata di bawah Rp 500 juta/hari, terlalu sepi",,,
INTD,410.0,-0.49,45.2,True,False,,72.3,0.46,906483100,0.48,Barang Baku,Buy,Buy,Neutral,2026-09-28,Tunggu pullback,Harga sudah jauh di atas MA20. Tunggu turun ke area entry,326-368,284,474
LIFE,8625.0,-14.81,45.2,False,False,,35.0,2.04,349104625,0.62,Keuangan,Neutral,Buy,,2026-09-28,Hindari dulu,"Transaksi rata-rata di bawah Rp 500 juta/hari, terlalu sepi",,,
TIRT,590.0,0.0,45.2,False,False,,56.1,0.0,0,0.74,Barang Baku,Neutral,Buy,,2026-09-28,Hindari dulu,"Transaksi rata-rata di bawah Rp 500 juta/hari, terlalu sepi",,,
APII,195.0,2.09,45.0,False,False,,50.5,0.85,365880620,0.43,Perindustrian,Buy,Strong Buy,,2026-09-28,Hindari dulu,"Transaksi rata-rata di bawah Rp 500 juta/hari, terlalu sepi",,,
BAYU,1330.0,0.76,45.0,False,False,,57.4,0.23,245236450,0.31,Konsumen Non-Primer,Buy,Strong Buy,,2026-09-28,Hindari dulu,"Transaksi rata-rata di bawah Rp 500 juta/hari, terlalu sepi",,,
BLUE,3000.0,2.04,45.0,False,False,,57.0,0.37,1380431250,1.1,Perindustrian,Buy,Buy,Buy,2026-09-28,Pantau,"Teknikal bagus, tapi transaksi baru Rp 1,4 M/hari (di bawah Rp 5 M). Gunakan lot kecil",2960-3000,2750,3430
ELSA,680.0,2.26,45.0,False,False,,43.3,0.47,15890263750,0.58,Energi,Neutral,Buy,Buy,2026-09-28,Pantau,Belum ada arah yang jelas,665-680,640,740
JKON,80.0,1.27,45.0,False,False,,41.5,0.3,1508617275,0.75,Infrastruktur,Sell,Buy,Neutral,2026-09-28,Pantau,"Tren harian melemah, mingguan masih bertahan",78-80,75,87
KOBX,170.0,1.19,45.0,False,False,,44.6,0.13,900448415,0.77,Perindustrian,Sell,Buy,Sell,2026-09-28,Pantau,"Tren harian melemah, mingguan masih bertahan",166-170,158,188
MEDC,1495.0,3.1,45.0,False,False,,54.4,0.66,102246965400,0.57,Energi,Buy,Strong Buy,Buy,2026-09-28,Kandidat kuat,"Tren harian dan mingguan naik, RSI 54,4 sehat",1460-1495,1390,1650
SFAN,2000.0,0.0,45.0,False,False,,42.0,0.59,126924700,0.07,Keuangan,Neutral,Buy,,2026-09-28,Hindari dulu,"Transaksi rata-rata di bawah Rp 500 juta/hari, terlalu sepi",,,
SMMA,20025.0,0.0,45.0,False,False,,48.4,0.88,58849500,0.01,Keuangan,Neutral,Neutral,,2026-09-28,Hindari dulu,"Transaksi rata-rata di bawah Rp 500 juta/hari, terlalu sepi",,,
SNLK,242.0,0.83,45.0,False,False,,52.6,0.86,4373464360,0.47,Konsumen Non-Primer,Neutral,Buy,Strong Buy,2026-09-28,Pantau,Belum ada arah yang jelas,238-242,224,274
ZONE,670.0,-2.19,45.0,False,False,,41.0,0.09,166088175,0.54,Konsumen Non-Primer,Sell,Buy,,2026-09-28,Hindari dulu,"Transaksi rata-rata di bawah Rp 500 juta/hari, terlalu sepi",,,
BAPI,25.0,8.7,44.5,False,False,,62.3,8.11,337235535,1.26,Properti & Real Estat,Strong Buy,Buy,,2026-09-28,Hindari dulu,"Transaksi rata-rata di bawah Rp 500 juta/hari, terlalu sepi",,,
BAUT,39.0,-2.5,44.5,False,False,,52.4,13.91,175494285,1.35,Konsumen Non-Primer,Neutral,Buy,,2026-09-28,Hindari dulu,"Transaksi rata-rata di bawah Rp 500 juta/hari, terlalu sepi",,,
ELTY,37.0,23.33,44.5,False,False,,54.4,24.52,2657230690,1.7,Properti & Real Estat,Buy,Strong Buy,Strong Buy,2026-09-28,Pantau,"Teknikal bagus, tapi transaksi baru Rp 2,7 M/hari (di bawah Rp 5 M). Gunakan lot kecil",35-37,32,43
KDTN,402.0,6.91,44.5,False,False,,53.0,2.03,2426246770,0.93,Konsumen Non-Primer,Buy,Sell,Strong Buy,2026-09-28,Pantau,Belum ada arah yang jelas,394-402,362,470
KING,336.0,-9.68,44.5,False,False,,44.1,4.0,1232190850,-0.03,Perindustrian,Sell,Neutral,Sell,2026-09-28,Pantau,"Tren harian melemah, mingguan masih bertahan",316-336,280,420
PDPP,316.0,-1.86,44.5,False,False,,44.1,2.02,95744660,0.51,Barang Baku,Sell,Neutral,,2026-09-28,Hindari dulu,"Transaksi rata-rata di bawah Rp 500 juta/hari, terlalu sepi",,,
PEGE,138.0,-2.13,44.5,False,False,,64.5,2.53,2417004305,1.34,Keuangan,Buy,Buy,Buy,2026-09-28,Pantau,"Teknikal bagus, tapi transaksi baru Rp 2,4 M/hari (di bawah Rp 5 M). Gunakan lot kecil",131-138,122,160
SATU,244.0,2.52,44.5,False,False,Bullish Marubozu,47.4,2.93,297640870,0.15,Properti & Real Estat,Neutral,Neutral,,2026-09-28,Hindari dulu,"Transaksi rata-rata di bawah Rp 500 juta/hari, terlalu sepi",,,
UNIQ,116.0,6.42,44.5,False,False,Bullish Engulfing,45.1,1.78,328303485,0.86,Energi,Strong Sell,Sell,,2026-09-28,Hindari dulu,"Transaksi rata-rata di bawah Rp 500 juta/hari, terlalu sepi",,,
AKSI,374.0,0.54,43.8,False,False,,59.8,0.21,1431802040,1.23,Transportasi & Logistik,Buy,Strong Buy,Sell,2026-09-28,Tunggu pantulan,"Tren naik, tapi 1H/2H sedang koreksi. Tunggu berbalik Buy",338-374,292,484
BBMD,1995.0,0.0,43.8,False,False,,52.3,0.0,12375500,0.14,Keuangan,Buy,Buy,,2026-09-28,Hindari dulu,"Transaksi rata-rata di bawah Rp 500 juta/hari, terlalu sepi",,,
PRAY,770.0,1.32,43.8,False,False,,54.8,0.29,46073100,0.11,Kesehatan,Strong Buy,Strong Buy,,2026-09-28,Hindari dulu,"Transaksi rata-rata di bawah Rp 500 juta/hari, terlalu sepi",,,
TOTO,240.0,-0.83,43.8,False,False,,50.9,1.0,114815110,0.24,Perindustrian,Sell,Sell,,2026-09-28,Hindari dulu,"Transaksi rata-rata di bawah Rp 500 juta/hari, terlalu sepi",,,
IDEA,148.0,0.0,42.2,False,False,,93.1,0.0,1756054655,1.14,Konsumen Non-Primer,Buy,Buy,Buy,2026-09-28,Tunggu pullback,"RSI 93,1 sudah panas. Tunggu harga turun ke area entry",135-141,129,158
AWAN,155.0,0.0,42.0,False,False,,40.1,5.48,82994425,0.52,Teknologi,Strong Sell,Sell,,2026-09-28,Hindari dulu,"Transaksi rata-rata di bawah Rp 500 juta/hari, terlalu sepi",,,
FMII,248.0,5.08,42.0,False,False,,50.7,6.76,7678500,0.35,Properti & Real Estat,Sell,Neutral,,2026-09-28,Hindari dulu,"Transaksi rata-rata di bawah Rp 500 juta/hari, terlalu sepi",,,
NINE,84.0,9.09,42.0,False,False,,47.7,1.78,1077507025,1.44,Teknologi,Sell,Sell,Buy,2026-09-28,Hindari dulu,Tren harian dan mingguan masih turun,,,
SMKM,88.0,-1.12,41.5,False,False,Hammer,35.6,2.84,342945300,1.31,Infrastruktur,Sell,Sell,,2026-09-28,Hindari dulu,"Transaksi rata-rata di bawah Rp 500 juta/hari, terlalu sepi",,,
NICK,2820.0,0.0,40.8,True,False,,85.7,0.0,78925850,0.06,Keuangan,Buy,Buy,,2026-09-28,Hindari dulu,"Transaksi rata-rata di bawah Rp 500 juta/hari, terlalu sepi",,,
RDTX,13475.0,0.0,40.8,False,False,,51.1,1.96,75306125,0.26,Properti & Real Estat,Buy,Sell,,2026-09-28,Hindari dulu,"Transaksi rata-rata di bawah Rp 500 juta/hari, terlalu sepi",,,
ULTJ,2050.0,-0.49,40.8,True,False,,81.5,0.96,41384552675,0.42,Konsumen Primer,Buy,Buy,Buy,2026-09-28,Tunggu pullback,"RSI 81,5 sudah panas. Tunggu harga turun ke area entry",1890-1970,1815,2170
LUCK,107.0,1.9,40.5,False,False,,38.9,1.27,816596805,0.83,Teknologi,Strong Sell,Sell,Strong Sell,2026-09-28,Hindari dulu,Tren harian dan mingguan masih turun,,,
AKRA,1460.0,-0.34,40.0,False,False,,51.3,0.53,31927108950,0.52,Energi,Neutral,Strong Buy,Sell,2026-09-28,Pantau,Belum ada arah yang jelas,1435-1460,1395,1555
AMIN,256.0,-1.54,40.0,False,False,,53.3,0.4,98407130,0.58,Perindustrian,Buy,Strong Buy,,2026-09-28,Hindari dulu,"Transaksi rata-rata di bawah Rp 500 juta/hari, terlalu sepi",,,
ARNA,525.0,-0.94,40.0,False,False,,65.2,0.53,2343800720,0.3,Perindustrian,Strong Buy,Buy,Buy,2026-09-28,Pantau,"Teknikal bagus, tapi transaksi baru Rp 2,3 M/hari (di bawah Rp 5 M). Gunakan lot kecil",510-525,498,560
ASGR,2090.0,-0.48,40.0,False,False,,53.5,0.69,2887833500,0.56,Perindustrian,Neutral,Strong Buy,Sell,2026-09-28,Pantau,Belum ada arah yang jelas,2050-2090,1980,2260
AUTO,3300.0,-2.37,40.0,False,False,,55.0,0.66,11931435650,0.56,Konsumen Non-Primer,Neutral,Buy,Sell,2026-09-28,Pantau,Belum ada arah yang jelas,3260-3300,3190,3470
BBSS,100.0,8.7,40.0,False,False,Bullish Engulfing,55.1,0.46,9539267165,1.3,Properti & Real Estat,Buy,Neutral,Strong Buy,2026-09-28,Tunggu konfirmasi,Bullish Engulfing baru muncul. Tunggu candle berikutnya hijau dan tutup di atas 102,92-100,82,125
BLES,191.0,2.14,40.0,False,False,,45.3,0.95,2535032070,0.85,Barang Baku,Sell,Buy,Sell,2026-09-28,Pantau,"Tren harian melemah, mingguan masih bertahan",186-191,177,212
BUKK,1015.0,4.64,40.0,False,False,Hammer,52.0,0.3,85181600,1.29,Infrastruktur,Buy,Sell,,2026-09-28,Hindari dulu,"Transaksi rata-rata di bawah Rp 500 juta/hari, terlalu sepi",,,
CAKK,157.0,-1.88,40.0,False,False,Hammer,51.9,0.23,57542500,0.82,Perindustrian,Neutral,Buy,,2026-09-28,Hindari dulu,"Transaksi rata-rata di bawah Rp 500 juta/hari, terlalu sepi",,,
CEKA,2220.0,2.3,40.0,False,False,Bullish Engulfing,57.3,0.75,78132450,0.28,Konsumen Primer,Strong Buy,Buy,,2026-09-28,Hindari dulu,"Transaksi rata-rata di bawah Rp 500 juta/hari, terlalu sepi",,,
DSNG,1565.0,-0.63,40.0,False,False,,50.2,0.99,9887321700,0.69,Konsumen Primer,Neutral,Strong Buy,Sell,2026-09-28,Pantau,Belum ada arah yang jelas,1530-1565,1465,1715
ELIT,248.0,0.81,40.0,False,False,,48.1,0.37,9619286720,1.48,Teknologi,Neutral,Buy,Strong Sell,2026-09-28,Pantau,Belum ada arah yang jelas,236-248,212,302
FLMC,135.0,-2.17,40.0,False,False,,64.3,0.18,1185644615,0.68,Konsumen Primer,Buy,Strong Buy,Neutral,2026-09-28,Pantau,"Teknikal bagus, tapi transaksi baru Rp 1,2 M/hari (di bawah Rp 5 M). Gunakan lot kecil",122-135,110,167
FUJI,284.0,-0.7,40.0,False,False,,55.8,0.1,1270040370,1.23,Keuangan,Buy,Buy,Buy,2026-09-28,Pantau,"Teknikal bagus, tapi transaksi baru Rp 1,3 M/hari (di bawah Rp 5 M). Gunakan lot kecil",264-284,236,348
INCI,775.0,-1.9,40.0,False,False,,52.3,0.16,365177700,0.37,Barang Baku,Neutral,Strong Buy,,2026-09-28,Hindari dulu,"Transaksi rata-rata di bawah Rp 500 juta/hari, terlalu sepi",,,
ITMG,25625.0,0.49,40.0,False,False,,49.1,0.63,39216451750,0.2,Energi,Neutral,Buy,Neutral,2026-09-28,Pantau,Belum ada arah yang jelas,25350-25625,24850,26775
JARR,3300.0,-9.34,40.0,False,False,,50.4,0.47,90594513500,2.1,Konsumen Primer,Neutral,Strong Buy,Sell,2026-09-28,Pantau,Belum ada arah yang jelas,3130-3300,2810,4030
KBLM,334.0,-1.18,40.0,False,False,Hammer,45.2,0.38,488153680,0.36,Perindustrian,Neutral,Strong Buy,,2026-09-28,Hindari dulu,"Transaksi rata-rata di bawah Rp 500 juta/hari, terlalu sepi",,,
LMPI,161.0,0.63,40.0,False,False,,51.7,0.43,198776105,0.87,Konsumen Non-Primer,Buy,Strong Buy,,2026-09-28,Hindari dulu,"Transaksi rata-rata di bawah Rp 500 juta/hari, terlalu sepi",,,
MGNA,166.0,-14.87,40.0,False,False,,54.8,0.13,8784588810,1.3,Konsumen Non-Primer,Buy,Strong Buy,Sell,2026-09-28,Tunggu pantulan,"Tren naik, tapi 1H/2H sedang koreksi. Tunggu berbalik Buy",152-166,125,226
MPRO,12000.0,-0.83,40.0,False,False,Bullish Marubozu,49.7,0.61,21622625,0.19,Properti & Real Estat,Sell,Buy,,2026-09-28,Hindari dulu,"Transaksi rata-rata di bawah Rp 500 juta/hari, terlalu sepi",,,
OILS,292.0,-0.68,40.0,False,False,,54.3,0.18,5982414130,0.44,Konsumen Primer,Neutral,Strong Buy,Sell,2026-09-28,Pantau,Belum ada arah yang jelas,282-292,262,336
PEHA,292.0,1.39,40.0,False,False,,51.0,0.18,570103460,0.51,Kesehatan,Buy,Buy,Neutral,2026-09-28,Pantau,"Teknikal bagus, tapi transaksi baru Rp 0,6 M/hari (di bawah Rp 5 M). Gunakan lot kecil",280-292,258,342
POWR,935.0,-1.06,40.0,False,False,,50.6,0.44,11959702175,0.28,Infrastruktur,Neutral,Strong Buy,Sell,2026-09-28,Pantau,Belum ada arah yang jelas,910-935,870,1030
PRDA,2790.0,-1.41,40.0,False,False,,57.7,0.17,2768554950,0.41,Kesehatan,Neutral,Buy,Sell,2026-09-28,Pantau,Belum ada arah yang jelas,2750-2790,2680,2960
PTSN,390.0,-2.5,40.0,False,False,,55.7,0.37,5271990350,0.92,Teknologi,Neutral,Strong Buy,Sell,2026-09-28,Pantau,Belum ada arah yang jelas,368-390,328,482
SAPX,330.0,-7.3,40.0,False,False,,50.6,0.18,5160697960,0.53,Transportasi & Logistik,Neutral,Buy,Sell,2026-09-28,Pantau,Belum ada arah yang jelas,304-330,252,446
SMDR,386.0,-1.53,40.0,False,False,,62.4,0.95,14332650070,1.02,Transportasi & Logistik,Neutral,Buy,Sell,2026-09-28,Pantau,Belum ada arah yang jelas,378-386,362,420
SQMI,88.0,2.33,40.0,False,False,,49.8,0.38,72317471585,0.27,Barang Baku,Buy,Strong Buy,Sell,2026-09-28,Tunggu pantulan,"Tren naik, tapi 1H/2H sedang koreksi. Tunggu berbalik Buy",81-88,69,116
TINS,4510.0,-4.45,40.0,False,False,,51.6,0.77,217842257250,1.63,Barang Baku,Neutral,Buy,Sell,2026-09-28,Pantau,Belum ada arah yang jelas,4400-4510,4200,4970
UNIC,14975.0,-1.48,40.0,False,False,,50.8,0.19,371424250,0.3,Barang Baku,Neutral,Buy,,2026-09-28,Hindari dulu,"Transaksi rata-rata di bawah Rp 500 juta/hari, terlalu sepi",,,
YPAS,1130.0,8.65,40.0,False,False,,42.7,0.26,280168950,1.04,Barang Baku,Neutral,Buy,,2026-09-28,Hindari dulu,"Transaksi rata-rata di bawah Rp 500 juta/hari, terlalu sepi",,,
BDMN,4270.0,-2.95,38.5,False,False,,41.9,1.43,10208458500,0.5,Keuangan,Sell,Buy,Sell,2026-09-28,Pantau,"Tren harian melemah, mingguan masih bertahan",4210-4270,4110,4510
BOLT,780.0,0.65,38.5,False,False,Hammer,44.0,1.47,17375500,0.32,Konsumen Non-Primer,Strong Sell,Sell,,2026-09-28,Hindari dulu,"Transaksi rata-rata di bawah Rp 500 juta/hari, terlalu sepi",,,
MLBI,6825.0,0.0,38.5,False,False,,49.6,1.27,708840625,0.19,Konsumen Primer,Sell,Buy,Sell,2026-09-28,Pantau,"Tren harian melemah, mingguan masih bertahan",6775-6825,6675,7050
OMED,214.0,2.88,38.5,False,False,Bullish Engulfing,45.0,1.07,7034937890,0.47,Kesehatan,Sell,Sell,Buy,2026-09-28,Pantau pembalikan,"Tren masih turun, tapi Bullish Engulfing sudah terkonfirmasi. Tunggu Daily minimal Neutral",208-214,197,240
PBID,520.0,-0.95,38.5,False,False,,44.3,1.36,488782350,0.31,Barang Baku,Sell,Buy,,2026-09-28,Hindari dulu,"Transaksi rata-rata di bawah Rp 500 juta/hari, terlalu sepi",,,
TOTL,1505.0,-4.44,38.5,False,False,,49.8,1.1,6084382325,0.44,Infrastruktur,Neutral,Buy,Sell,2026-09-28,Pantau,Belum ada arah yang jelas,1475-1505,1415,1640
ASLI,486.0,0.0,37.8,False,False,,75.1,0.0,64589717610,1.61,Infrastruktur,Buy,Buy,Buy,2026-09-28,Tunggu pullback,"RSI 75,1 sudah panas. Tunggu harga turun ke area entry",402-444,360,550
AMRT,1330.0,1.92,37.5,False,False,,51.7,0.76,45403014250,0.88,Konsumen Primer,Neutral,Sell,Buy,2026-09-28,Pantau,Belum ada arah yang jelas,1305-1330,1265,1420
DEWI,222.0,-1.77,37.0,True,False,,81.4,0.72,11134672645,0.95,Konsumen Primer,Buy,Buy,Neutral,2026-09-28,Tunggu pullback,"RSI 81,4 sudah panas. Tunggu harga turun ke area entry",199-210,188,240
GUNA,218.0,-0.91,37.0,False,False,,54.3,1.53,53940000,0.77,Konsumen Primer,Sell,Buy,,2026-09-28,Hindari dulu,"Transaksi rata-rata di bawah Rp 500 juta/hari, terlalu sepi",,,
HRME,42.0,0.0,37.0,False,False,,45.9,37.98,108497735,0.87,Konsumen Non-Primer,Strong Sell,Strong Sell,,2026-09-28,Hindari dulu,"Transaksi rata-rata di bawah Rp 500 juta/hari, terlalu sepi",,,
IATA,94.0,3.3,37.0,False,False,,36.7,0.54,131984849950,1.37,Energi,Sell,Buy,Sell,2026-09-28,Pantau,"Tren harian melemah, mingguan masih bertahan",89-94,79,116
JIHD,400.0,-1.48,37.0,False,False,Hammer,28.5,1.41,246132920,0.91,Konsumen Non-Primer,Sell,Sell,,2026-09-28,Hindari dulu,"Transaksi rata-rata di bawah Rp 500 juta/hari, terlalu sepi",,,
MICE,505.0,1.81,37.0,False,False,,41.6,8.68,100831145,0.27,Konsumen Non-Primer,Sell,Sell,,2026-09-28,Hindari dulu,"Transaksi rata-rata di bawah Rp 500 juta/hari, terlalu sepi",,,
BAJA,316.0,-5.39,36.2,False,False,,48.9,0.24,11864548990,1.19,Barang Baku,Buy,Strong Buy,Sell,2026-09-28,Tunggu pantulan,"Tren naik, tapi 1H/2H sedang koreksi. Tunggu berbalik Buy",296-316,256,406
BOGA,1550.0,0.0,36.2,False,False,,45.9,0.05,20250125,0.49,Konsumen Non-Primer,Sell,Buy,,2026-09-28,Hindari dulu,"Transaksi rata-rata di bawah Rp 500 juta/hari, terlalu sepi",,,
CRSN,124.0,0.0,36.2,False,False,,44.4,0.27,511578765,0.85,Perindustrian,Neutral,Buy,Sell,2026-09-28,Pantau,Belum ada arah yang jelas,118-124,106,151
FAPA,7400.0,-0.34,36.2,False,False,,44.6,0.03,149573625,0.02,Konsumen Primer,Sell,Buy,,2026-09-28,Hindari dulu,"Transaksi rata-rata di bawah Rp 500 juta/hari, terlalu sepi",,,
GRPH,109.0,-12.8,36.2,False,False,,44.7,0.6,7350044435,1.03,Konsumen Non-Primer,Sell,Buy,Sell,2026-09-28,Pantau,"Tren harian melemah, mingguan masih bertahan",103-109,93,132
HATM,555.0,0.91,36.2,False,False,,49.0,0.09,8923372775,0.91,Transportasi & Logistik,Neutral,Buy,Strong Buy,2026-09-28,Pantau,Belum ada arah yang jelas,535-555,498,640
HYGN,180.0,0.0,36.2,False,False,,48.6,0.27,793812860,0.42,Perindustrian,Neutral,Buy,Sell,2026-09-28,Pantau,Belum ada arah yang jelas,176-180,170,194
KEJU,595.0,0.0,36.2,False,False,,48.5,0.44,88268150,0.42,Konsumen Primer,Sell,Buy,,2026-09-28,Hindari dulu,"Transaksi rata-rata di bawah Rp 500 juta/hari, terlalu sepi",,,
KOTA,170.0,0.0,36.2,False,False,,43.4,0.15,148748268050,2.05,Konsumen Non-Primer,Neutral,Buy,Strong Sell,2026-09-28,Pantau,Belum ada arah yang jelas,161-170,145,208
LPGI,645.0,0.0,36.2,False,False,,52.2,0.03,11448125,0.32,Keuangan,Buy,Buy,,2026-09-28,Hindari dulu,"Transaksi rata-rata di bawah Rp 500 juta/hari, terlalu sepi",,,
UANG,3770.0,-0.79,36.2,False,False,,55.4,0.18,6985952200,2.08,Properti & Real Estat,Buy,Strong Buy,Sell,2026-09-28,Tunggu pantulan,"Tren naik, tapi 1H/2H sedang koreksi. Tunggu berbalik Buy",3590-3770,3250,4550
VOKS,240.0,-6.98,36.2,False,False,,44.3,0.25,863118980,0.51,Perindustrian,Sell,Buy,Sell,2026-09-28,Pantau,"Tren harian melemah, mingguan masih bertahan",226-240,198,304
BEEF,392.0,-9.26,35.5,False,False,,38.2,1.18,2385326620,1.5,Konsumen Primer,Sell,Buy,Sell,2026-09-28,Pantau,"Tren harian melemah, mingguan masih bertahan",378-392,350,456
GGRM,17300.0,0.87,35.5,False,False,,33.3,1.16,21614102000,0.66,Konsumen Primer,Sell,Sell,Sell,2026-09-28,Hindari dulu,Tren harian dan mingguan masih turun,,,
IBST,8475.0,0.0,34.8,False,False,,90.4,0.0,0,-0.01,Infrastruktur,Neutral,Neutral,,2026-09-28,Hindari dulu,"Transaksi rata-rata di bawah Rp 500 juta/hari, terlalu sepi",,,
STAA,1185.0,0.0,34.8,False,False,,49.9,1.05,6895971150,0.51,Konsumen Primer,Sell,Buy,Sell,2026-09-28,Pantau,"Tren harian melemah, mingguan masih bertahan",1165-1185,1125,1270
ALII,695.0,1.46,34.0,False,False,Hammer,34.9,2.24,523975750,1.42,Energi,Strong Sell,Sell,Sell,2026-09-28,Hindari dulu,Tren harian dan mingguan turun. Hammer belum terkonfirmasi,,,
MERK,3790.0,-1.04,34.0,False,False,,35.1,2.64,135539250,0.48,Kesehatan,Sell,Sell,,2026-09-28,Hindari dulu,"Transaksi rata-rata di bawah Rp 500 juta/hari, terlalu sepi",,,
NAYZ,63.0,-8.7,34.0,False,False,,36.2,2.25,1870070480,0.33,Konsumen Primer,Sell,Sell,Sell,2026-09-28,Hindari dulu,Tren harian dan mingguan masih turun,,,
TMAS,126.0,-5.97,34.0,False,False,,30.7,1.96,1188489230,0.75,Transportasi & Logistik,Sell,Sell,Sell,2026-09-28,Hindari dulu,Tren harian dan mingguan masih turun,,,
ADMG,238.0,0.0,33.2,False,False,,39.0,0.64,474123180,0.46,Barang Baku,Sell,Buy,,2026-09-28,Hindari dulu,"Transaksi rata-rata di bawah Rp 500 juta/hari, terlalu sepi",,,
BALI,1290.0,-1.15,33.2,False,False,,48.0,2.93,68967025,0.1,Infrastruktur,Sell,Buy,,2026-09-28,Hindari dulu,"Transaksi rata-rata di bawah Rp 500 juta/hari, terlalu sepi",,,
EURO,1400.0,0.0,33.2,False,False,,40.5,3.88,3763542700,0.78,Konsumen Primer,Sell,Neutral,Sell,2026-09-28,Pantau,"Tren harian melemah, mingguan masih bertahan",1345-1400,1240,1635
MASB,3280.0,-0.3,33.2,False,False,,41.1,1.58,29910450,0.09,Keuangan,Strong Sell,Strong Sell,,2026-09-28,Hindari dulu,"Transaksi rata-rata di bawah Rp 500 juta/hari, terlalu sepi",,,
NANO,31.0,3.33,33.2,False,False,,43.9,2.52,1054195220,1.07,Konsumen Primer,Sell,Sell,Neutral,2026-09-28,Hindari dulu,Tren harian dan mingguan masih turun,,,
AALI,7825.0,-0.32,32.5,False,False,,42.8,0.49,19090759625,0.57,Konsumen Primer,Neutral,Buy,Sell,2026-09-28,Pantau,Belum ada arah yang jelas,7700-7825,7475,8350
ADRO,2590.0,-0.38,32.5,False,False,,47.1,0.53,131941131400,0.56,Energi,Sell,Buy,Sell,2026-09-28,Pantau,"Tren harian melemah, mingguan masih bertahan",2550-2590,2480,2760
AGAR,1790.0,-11.82,32.5,False,False,,47.6,0.53,4351705375,0.34,Konsumen Primer,Sell,Buy,Sell,2026-09-28,Pantau,"Tren harian melemah, mingguan masih bertahan",1610-1790,1255,2590
ASRM,276.0,0.73,32.5,False,False,Hammer,44.3,0.47,53465230,0.38,Keuangan,Sell,Neutral,,2026-09-28,Hindari dulu,"Transaksi rata-rata di bawah Rp 500 juta/hari, terlalu sepi",,,
BEST,117.0,-3.31,32.5,False,False,,43.2,0.31,8422475565,0.97,Properti & Real Estat,Sell,Buy,Sell,2026-09-28,Pantau,"Tren harian melemah, mingguan masih bertahan",113-117,107,132
BFIN,940.0,-3.09,32.5,False,False,,48.1,0.26,22215092900,0.67,Keuangan,Sell,Buy,Sell,2026-09-28,Pantau,"Tren harian melemah, mingguan masih bertahan",920-940,880,1030
BMSR,320.0,-5.88,32.5,False,False,,45.8,0.93,225611930,0.9,Barang Baku,Sell,Buy,,2026-09-28,Hindari dulu,"Transaksi rata-rata di bawah Rp 500 juta/hari, terlalu sepi",,,
BNGA,1730.0,-0.57,32.5,False,False,,53.2,0.5,6040004350,0.37,Keuangan,Neutral,Buy,Sell,2026-09-28,Pantau,Belum ada arah yang jelas,1715-1730,1690,1790
BUDI,220.0,-0.9,32.5,False,False,,40.6,0.27,73452790,0.28,Konsumen Primer,Sell,Buy,,2026-09-28,Hindari dulu,"Transaksi rata-rata di bawah Rp 500 juta/hari, terlalu sepi",,,
CASH,236.0,-4.07,32.5,False,False,,49.1,0.28,685904550,1.12,Teknologi,Neutral,Buy,Sell,2026-09-28,Pantau,Belum ada arah yang jelas,224-236,204,284
CBUT,910.0,0.55,32.5,False,False,,45.6,0.06,633341125,0.89,Konsumen Primer,Sell,Neutral,Sell,2026-09-28,Pantau,"Tren harian melemah, mingguan masih bertahan",875-910,805,1065
CCSI,324.0,-5.26,32.5,False,False,,46.5,0.43,3214749710,0.78,Perindustrian,Sell,Buy,Sell,2026-09-28,Pantau,"Tren harian melemah, mingguan masih bertahan",300-324,256,426
DMAS,181.0,-2.16,32.5,False,False,,47.2,0.2,69488776590,0.52,Properti & Real Estat,Neutral,Strong Buy,Sell,2026-09-28,Pantau,Belum ada arah yang jelas,176-181,168,202
ECII,153.0,2.0,32.5,False,False,Hammer,41.8,0.14,1024660440,1.09,Konsumen Non-Primer,Strong Sell,Sell,Sell,2026-09-28,Hindari dulu,Tren harian dan mingguan turun. Hammer belum terkonfirmasi,,,
EKAD,364.0,-7.14,32.5,False,False,,46.7,0.29,6304514920,0.48,Barang Baku,Neutral,Strong Buy,Sell,2026-09-28,Pantau,Belum ada arah yang jelas,352-364,328,418
EMAS,7500.0,-1.64,32.5,False,False,,42.3,0.42,194022538375,0.76,Barang Baku,Sell,Neutral,Strong Sell,2026-09-28,Pantau,"Tren harian melemah, mingguan masih bertahan",7325-7500,6975,8300
ENRG,1355.0,2.26,32.5,False,False,,53.0,0.96,125493572475,1.93,Energi,Buy,Buy,Strong Buy,2026-09-28,Kandidat kuat,"Tren harian dan mingguan naik, RSI 53 sehat",1310-1355,1230,1540
ERAL,308.0,-1.28,32.5,False,False,Hammer,46.3,0.76,2790539080,0.92,Konsumen Non-Primer,Sell,Buy,Strong Sell,2026-09-28,Tunggu konfirmasi,Hammer baru muncul. Tunggu candle berikutnya hijau dan tutup di atas 314,300-308,288,338
FAST,404.0,-5.16,32.5,False,False,,42.3,0.43,10052087820,1.54,Konsumen Non-Primer,Sell,Neutral,Sell,2026-09-28,Pantau,"Tren harian melemah, mingguan masih bertahan",386-404,354,478
GEMS,7275.0,0.69,32.5,False,False,,53.3,0.55,1106195625,0.59,Energi,Neutral,Buy,Strong Buy,2026-09-28,Pantau,Belum ada arah yang jelas,7150-7275,6950,7750
GHON,1625.0,0.31,32.5,False,False,Hammer,43.6,0.58,25969925,0.57,Infrastruktur,Strong Sell,Sell,,2026-09-28,Hindari dulu,"Transaksi rata-rata di bawah Rp 500 juta/hari, terlalu sepi",,,
GLVA,324.0,-0.61,32.5,False,False,Hammer,49.2,0.33,19672830,0.38,Teknologi,Sell,Neutral,,2026-09-28,Hindari dulu,"Transaksi rata-rata di bawah Rp 500 juta/hari, terlalu sepi",,,
GRIA,150.0,-3.23,32.5,False,False,,40.1,0.57,1565529610,-0.18,Properti & Real Estat,Sell,Buy,Sell,2026-09-28,Pantau,"Tren harian melemah, mingguan masih bertahan",144-150,132,177
GULA,775.0,-4.91,32.5,False,False,,44.2,0.99,15863382850,1.08,Konsumen Primer,Sell,Buy,Sell,2026-09-28,Pantau,"Tren harian melemah, mingguan masih bertahan",755-775,720,855
ICON,140.0,-2.1,32.5,False,False,,49.5,0.1,14455353925,0.93,Perindustrian,Neutral,Strong Buy,Sell,2026-09-28,Pantau,Belum ada arah yang jelas,133-140,119,172
IFII,212.0,-1.85,32.5,False,False,,51.9,0.25,460790050,0.4,Barang Baku,Buy,Sell,,2026-09-28,Hindari dulu,"Transaksi rata-rata di bawah Rp 500 juta/hari, terlalu sepi",,,
IKBI,540.0,0.93,32.5,False,False,,49.2,0.68,437057700,0.42,Perindustrian,Neutral,Buy,,2026-09-28,Hindari dulu,"Transaksi rata-rata di bawah Rp 500 juta/hari, terlalu sepi",,,
IPOL,113.0,0.89,32.5,False,False,Hammer,45.6,0.41,198607695,0.52,Barang Baku,Sell,Sell,,2026-09-28,Hindari dulu,"Transaksi rata-rata di bawah Rp 500 juta/hari, terlalu sepi",,,
ISAT,2240.0,-4.68,32.5,False,False,,40.2,0.56,163519850300,0.88,Infrastruktur,Sell,Buy,Sell,2026-09-28,Pantau,"Tren harian melemah, mingguan masih bertahan",2180-2240,2080,2480
JATI,111.0,-0.89,32.5,False,False,,49.8,0.6,3277188790,1.14,Teknologi,Neutral,Buy,Strong Sell,2026-09-28,Pantau,Belum ada arah yang jelas,108-111,102,124
LFLO,550.0,-0.9,32.5,False,False,,51.4,0.01,94825525,0.07,Konsumen Non-Primer,Neutral,Buy,,2026-09-28,Hindari dulu,"Transaksi rata-rata di bawah Rp 500 juta/hari, terlalu sepi",,,
LRNA,208.0,-4.59,32.5,False,False,,50.5,0.75,328879455,0.94,Transportasi & Logistik,Neutral,Strong Buy,,2026-09-28,Hindari dulu,"Transaksi rata-rata di bawah Rp 500 juta/hari, terlalu sepi",,,
LTLS,930.0,-3.12,32.5,False,False,,46.8,0.3,464189400,0.4,Barang Baku,Neutral,Buy,,2026-09-28,Hindari dulu,"Transaksi rata-rata di bawah Rp 500 juta/hari, terlalu sepi",,,
MBAP,1680.0,-1.18,32.5,False,False,,53.1,0.21,402859250,0.48,Energi,Buy,Buy,,2026-09-28,Hindari dulu,"Transaksi rata-rata di bawah Rp 500 juta/hari, terlalu sepi",,,
MDIY,945.0,-1.05,32.5,False,False,,48.8,0.63,699436250,0.39,Konsumen Non-Primer,Sell,Buy,Sell,2026-09-28,Pantau,"Tren harian melemah, mingguan masih bertahan",930-945,905,1000
MPMX,1015.0,-0.49,32.5,False,False,,46.5,0.57,3223844225,0.07,Konsumen Non-Primer,Neutral,Buy,Sell,2026-09-28,Pantau,Belum ada arah yang jelas,1005-1015,990,1050
MSIE,129.0,-9.79,32.5,False,False,,43.7,0.14,2075605695,0.87,Properti & Real Estat,Sell,Buy,Sell,2026-09-28,Pantau,"Tren harian melemah, mingguan masih bertahan",121-129,106,163
MTMH,950.0,0.53,32.5,False,False,Bullish Engulfing,49.8,0.02,15630000,0.36,Kesehatan,Sell,Neutral,,2026-09-28,Hindari dulu,"Transaksi rata-rata di bawah Rp 500 juta/hari, terlalu sepi",,,
MTWI,260.0,-0.76,32.5,False,False,Hammer,46.0,0.09,40585450,0.27,Keuangan,Strong Sell,Sell,,2026-09-28,Hindari dulu,"Transaksi rata-rata di bawah Rp 500 juta/hari, terlalu sepi",,,
MUTU,117.0,-2.5,32.5,False,False,,43.5,0.21,9326104415,0.49,Perindustrian,Sell,Buy,Strong Sell,2026-09-28,Pantau,"Tren harian melemah, mingguan masih bertahan",112-117,102,140
NASI,185.0,-7.04,32.5,False,False,,49.5,0.95,8611357660,0.82,Konsumen Primer,Buy,Strong Buy,Sell,2026-09-28,Tunggu pantulan,"Tren naik, tapi 1H/2H sedang koreksi. Tunggu berbalik Buy",172-185,147,242
NATO,1000.0,-5.21,32.5,False,False,,49.9,0.28,1340615100,0.61,Konsumen Non-Primer,Neutral,Buy,Sell,2026-09-28,Pantau,Belum ada arah yang jelas,935-1000,815,1275
NICE,330.0,-2.94,32.5,False,False,,45.6,0.19,1749576950,1.05,Barang Baku,Neutral,Buy,Sell,2026-09-28,Pantau,Belum ada arah yang jelas,318-330,298,378
NOBU,525.0,-1.87,32.5,False,False,,50.9,0.63,2811509725,0.86,Keuangan,Neutral,Buy,Sell,2026-09-28,Pantau,Belum ada arah yang jelas,510-525,492,575
PART,111.0,-0.89,32.5,False,False,,53.6,0.42,4452384125,1.47,Konsumen Non-Primer,Buy,Buy,Sell,2026-09-28,Tunggu pantulan,"Tren naik, tapi 1H/2H sedang koreksi. Tunggu berbalik Buy",108-111,100,130
PLAN,61.0,-8.96,32.5,False,False,,52.3,0.37,1263409665,1.04,Konsumen Non-Primer,Neutral,Strong Buy,Sell,2026-09-28,Pantau,Belum ada arah yang jelas,57-61,51,76
PMJS,132.0,-3.65,32.5,False,False,,40.9,0.27,302862980,0.81,Konsumen Non-Primer,Neutral,Buy,,2026-09-28,Hindari dulu,"Transaksi rata-rata di bawah Rp 500 juta/hari, terlalu sepi",,,
RELF,39.0,-4.88,32.5,False,False,,51.2,0.82,565688405,0.83,Properti & Real Estat,Neutral,Buy,Sell,2026-09-28,Pantau,Belum ada arah yang jelas,38-39,35,46
SCNP,160.0,-2.44,32.5,False,False,,53.9,0.47,230732410,0.33,Konsumen Non-Primer,Buy,Buy,,2026-09-28,Hindari dulu,"Transaksi rata-rata di bawah Rp 500 juta/hari, terlalu sepi",,,
SKRN,412.0,0.49,32.5,False,False,,52.8,0.06,186853120,0.7,Perindustrian,Neutral,Buy,,2026-09-28,Hindari dulu,"Transaksi rata-rata di bawah Rp 500 juta/hari, terlalu sepi",,,
SMAR,5975.0,-3.63,32.5,False,False,,44.0,0.77,750424750,1.14,Konsumen Primer,Sell,Buy,Strong Sell,2026-09-28,Pantau,"Tren harian melemah, mingguan masih bertahan",5825-5975,5550,6600
SOHO,1370.0,-1.08,32.5,False,False,Hammer,45.5,0.1,796029275,1.02,Kesehatan,Sell,Buy,Sell,2026-09-28,Tunggu konfirmasi,Hammer baru muncul. Tunggu candle berikutnya hijau dan tutup di atas 1.385,1310-1370,1195,1630
SSIA,1650.0,-1.79,32.5,False,False,,42.3,0.32,40772717500,1.08,Infrastruktur,Strong Sell,Buy,Sell,2026-09-28,Pantau,"Tren harian melemah, mingguan masih bertahan",1615-1650,1545,1810
TAMA,190.0,-2.56,32.5,False,False,,41.8,0.69,931457340,1.21,Infrastruktur,Sell,Neutral,Strong Sell,2026-09-28,Pantau,"Tren harian melemah, mingguan masih bertahan",183-190,171,218
TAPG,1995.0,-1.72,32.5,False,False,,42.8,0.46,63989394650,0.82,Konsumen Primer,Neutral,Buy,Sell,2026-09-28,Pantau,Belum ada arah yang jelas,1945-1995,1845,2220
TRJA,126.0,0.8,32.5,False,False,Hammer,49.6,0.25,1089717800,0.79,Transportasi & Logistik,Buy,Neutral,Neutral,2026-09-28,Tunggu konfirmasi,Hammer baru muncul. Tunggu candle berikutnya hijau dan tutup di atas 127,120-126,109,151
TRUS,440.0,-2.22,32.5,False,False,,48.5,0.34,65557020,0.42,Keuangan,Sell,Buy,,2026-09-28,Hindari dulu,"Transaksi rata-rata di bawah Rp 500 juta/hari, terlalu sepi",,,
UCID,480.0,-2.04,32.5,False,False,,45.4,0.42,768582765,0.36,Konsumen Primer,Neutral,Buy,Strong Sell,2026-09-28,Pantau,Belum ada arah yang jelas,470-480,452,520
UFOE,141.0,2.92,32.5,False,False,Bullish Engulfing,47.3,0.38,374571930,0.75,Konsumen Non-Primer,Sell,Sell,,2026-09-28,Hindari dulu,"Transaksi rata-rata di bawah Rp 500 juta/hari, terlalu sepi",,,
VERN,228.0,-0.87,32.5,False,False,,48.9,0.6,2447841990,1.02,Infrastruktur,Neutral,Buy,Sell,2026-09-28,Pantau,Belum ada arah yang jelas,222-228,210,254
WINS,555.0,-1.77,32.5,False,False,,47.4,0.89,1798952975,0.55,Energi,Neutral,Buy,Sell,2026-09-28,Pantau,Belum ada arah yang jelas,540-555,510,620
COAL,31.0,0.0,31.8,False,False,,74.1,0.0,0,0.48,Energi,Sell,Sell,,2026-09-28,Hindari dulu,"Transaksi rata-rata di bawah Rp 500 juta/hari, terlalu sepi",,,
RBMS,43.0,-14.0,31.8,False,False,,20.8,2.37,1011095710,1.33,Properti & Real Estat,Sell,Sell,Sell,2026-09-28,Hindari dulu,Tren harian dan mingguan masih turun,,,
AMAG,388.0,0.52,31.5,False,False,,49.9,0.07,32810600,0.21,Keuangan,Sell,Neutral,,2026-09-28,Hindari dulu,"Transaksi rata-rata di bawah Rp 500 juta/hari, terlalu sepi",,,
AMOR,354.0,-1.67,31.0,False,False,,40.6,1.33,75015010,0.5,Keuangan,Sell,Sell,,2026-09-28,Hindari dulu,"Transaksi rata-rata di bawah Rp 500 juta/hari, terlalu sepi",,,
ESIP,95.0,-2.06,31.0,False,False,Hammer,26.2,0.37,4541265225,1.33,Barang Baku,Sell,Sell,Sell,2026-09-28,Hindari dulu,Tren harian dan mingguan turun. Hammer belum terkonfirmasi,,,
GOOD,306.0,1.32,31.0,False,False,,44.8,1.04,64156430,0.2,Konsumen Primer,Strong Sell,Sell,,2026-09-28,Hindari dulu,"Transaksi rata-rata di bawah Rp 500 juta/hari, terlalu sepi",,,
GPRA,104.0,5.05,31.0,False,False,Bullish Engulfing,48.5,1.13,11719197080,0.77,Properti & Real Estat,Sell,Neutral,Buy,2026-09-28,Tunggu konfirmasi,Bullish Engulfing baru muncul. Tunggu candle berikutnya hijau dan tutup di atas 104,101-104,97,114
MAPA,640.0,-1.54,31.0,False,False,,41.5,1.09,9027537175,0.69,Konsumen Non-Primer,Sell,Sell,Sell,2026-09-28,Hindari dulu,Tren harian dan mingguan masih turun,,,
SPRE,92.0,2.22,31.0,False,False,,47.9,1.18,552794025,0.91,Konsumen Non-Primer,Sell,Neutral,Sell,2026-09-28,Pantau,"Tren harian melemah, mingguan masih bertahan",87-92,78,112
ALMI,74.0,0.0,30.2,False,False,,52.1,0.0,0,0.0,Barang Baku,Sell,Neutral,,2026-09-28,Hindari dulu,"Transaksi rata-rata di bawah Rp 500 juta/hari, terlalu sepi",,,
BIKA,55.0,0.0,30.2,False,False,,51.0,0.0,0,0.0,Properti & Real Estat,Sell,Neutral,,2026-09-28,Hindari dulu,"Transaksi rata-rata di bawah Rp 500 juta/hari, terlalu sepi",,,
BIMA,82.0,0.0,30.2,False,False,,60.9,0.0,0,0.1,Konsumen Non-Primer,Neutral,Neutral,,2026-09-28,Hindari dulu,"Transaksi rata-rata di bawah Rp 500 juta/hari, terlalu sepi",,,
BJTM,510.0,0.0,30.2,False,False,,36.5,2.16,2703348525,0.42,Keuangan,Sell,Sell,Strong Sell,2026-09-28,Hindari dulu,Tren harian dan mingguan masih turun,,,
DPNS,310.0,0.0,30.2,False,False,,54.3,0.0,0,-0.02,Barang Baku,Neutral,Neutral,,2026-09-28,Hindari dulu,"Transaksi rata-rata di bawah Rp 500 juta/hari, terlalu sepi",,,
DVLA,1580.0,0.0,30.2,False,False,,44.5,0.12,100689475,0.17,Kesehatan,Strong Sell,Sell,,2026-09-28,Hindari dulu,"Transaksi rata-rata di bawah Rp 500 juta/hari, terlalu sepi",,,
FOOD,176.0,0.0,30.2,False,False,,51.4,0.0,0,0.26,Konsumen Primer,Sell,Neutral,,2026-09-28,Hindari dulu,"Transaksi rata-rata di bawah Rp 500 juta/hari, terlalu sepi",,,
IPPE,14.0,0.0,30.2,False,False,,59.0,0.0,0,0.0,Konsumen Primer,Sell,Neutral,,2026-09-28,Hindari dulu,"Transaksi rata-rata di bawah Rp 500 juta/hari, terlalu sepi",,,
KIAS,21.0,0.0,30.2,False,False,,56.2,0.0,0,0.0,Perindustrian,Neutral,Neutral,,2026-09-28,Hindari dulu,"Transaksi rata-rata di bawah Rp 500 juta/hari, terlalu sepi",,,
KOIN,78.0,0.0,30.2,False,False,,53.6,0.0,0,0.33,Perindustrian,Neutral,Neutral,,2026-09-28,Hindari dulu,"Transaksi rata-rata di bawah Rp 500 juta/hari, terlalu sepi",,,
MTPS,81.0,0.0,30.2,False,False,,62.0,0.0,0,0.01,Infrastruktur,Neutral,Neutral,,2026-09-28,Hindari dulu,"Transaksi rata-rata di bawah Rp 500 juta/hari, terlalu sepi",,,
SMCB,775.0,0.0,30.2,False,False,,64.8,0.0,0,0.0,Barang Baku,Sell,Neutral,,2026-09-28,Hindari dulu,"Transaksi rata-rata di bawah Rp 500 juta/hari, terlalu sepi",,,
CENT,91.0,-1.09,30.0,False,False,,40.8,0.15,4800367435,1.5,Infrastruktur,Sell,Sell,Sell,2026-09-28,Hindari dulu,Tren harian dan mingguan masih turun,,,
FOLK,198.0,3.12,30.0,False,False,,43.8,0.41,12297533825,1.85,Perindustrian,Strong Sell,Sell,Sell,2026-09-28,Hindari dulu,Tren harian dan mingguan masih turun,,,
IMPC,1455.0,2.83,30.0,False,False,,43.4,0.68,40437469800,2.01,Perindustrian,Sell,Sell,Neutral,2026-09-28,Hindari dulu,Tren harian dan mingguan masih turun,,,
KIJA,171.0,0.59,30.0,False,False,,44.8,0.42,64029883025,1.27,Properti & Real Estat,Sell,Buy,Sell,2026-09-28,Pantau,"Tren harian melemah, mingguan masih bertahan",163-171,149,204
ACST,90.0,-9.09,29.5,False,False,,43.9,1.57,216427070,0.79,Infrastruktur,Sell,Sell,,2026-09-28,Hindari dulu,"Transaksi rata-rata di bawah Rp 500 juta/hari, terlalu sepi",,,
AXIO,109.0,-5.22,29.5,False,False,,40.2,1.65,125550190,0.51,Teknologi,Sell,Sell,,2026-09-28,Hindari dulu,"Transaksi rata-rata di bawah Rp 500 juta/hari, terlalu sepi",,,
BINA,4020.0,-0.25,29.5,False,False,,44.0,2.37,1749584700,-0.11,Keuangan,Strong Sell,Sell,Neutral,2026-09-28,Hindari dulu,Tren harian dan mingguan masih turun,,,
BKSW,46.0,-8.0,29.5,False,False,,22.7,1.42,246147640,0.45,Keuangan,Sell,Sell,,2026-09-28,Hindari dulu,"Transaksi rata-rata di bawah Rp 500 juta/hari, terlalu sepi",,,
CFIN,352.0,-1.68,29.5,False,False,,37.8,0.4,1203520940,0.52,Keuangan,Sell,Buy,Sell,2026-09-28,Pantau,"Tren harian melemah, mingguan masih bertahan",346-352,338,374
CMNP,1375.0,0.0,29.5,False,False,,44.5,2.66,195503425,0.3,Infrastruktur,Sell,Sell,,2026-09-28,Hindari dulu,"Transaksi rata-rata di bawah Rp 500 juta/hari, terlalu sepi",,,
GJTL,1245.0,-0.4,29.5,False,False,,32.5,0.42,6283088025,0.61,Konsumen Non-Primer,Sell,Buy,Sell,2026-09-28,Pantau,"Tren harian melemah, mingguan masih bertahan",1225-1245,1195,1320
JGLE,50.0,-7.41,29.5,False,False,,25.5,1.16,40094333285,1.44,Konsumen Non-Primer,Sell,Sell,,2026-09-28,Hindari dulu,Tren harian dan mingguan masih turun,,,
KBAG,42.0,10.53,29.5,False,False,,47.6,18.39,107923320,1.49,Properti & Real Estat,Sell,Sell,,2026-09-28,Hindari dulu,"Transaksi rata-rata di bawah Rp 500 juta/hari, terlalu sepi",,,
KKES,61.0,-14.08,29.5,False,False,,33.9,0.29,15167253770,1.21,Barang Baku,Sell,Neutral,,2026-09-28,Pantau,"Tren harian melemah, mingguan masih bertahan",56-61,48,81
KSIX,376.0,-5.05,29.5,False,False,,35.6,0.58,165869940,0.4,Properti & Real Estat,Sell,Buy,,2026-09-28,Hindari dulu,"Transaksi rata-rata di bawah Rp 500 juta/hari, terlalu sepi",,,
LSIP,1500.0,-1.96,29.5,False,False,,39.1,0.91,28247097625,0.64,Konsumen Primer,Sell,Buy,,2026-09-28,Pantau,"Tren harian melemah, mingguan masih bertahan",1470-1500,1410,1630
PADA,162.0,2.53,29.5,False,False,,36.9,0.67,8443788745,2.72,Perindustrian,Sell,Neutral,,2026-09-28,Pantau,"Tren harian melemah, mingguan masih bertahan",153-162,136,202
PTPW,1125.0,-0.88,29.5,False,False,,31.3,1.0,35139450,0.02,Infrastruktur,Sell,Buy,,2026-09-28,Hindari dulu,"Transaksi rata-rata di bawah Rp 500 juta/hari, terlalu sepi",,,
SAFE,535.0,-14.4,29.5,False,False,,33.6,0.34,518853750,0.32,Transportasi & Logistik,Sell,Buy,,2026-09-28,Pantau,"Tren harian melemah, mingguan masih bertahan",496-535,418,710
VRNA,77.0,2.67,29.5,False,False,,39.5,0.3,1290443850,0.78,Keuangan,Sell,Sell,,2026-09-28,Hindari dulu,Tren harian dan mingguan masih turun,,,
AREA,318.0,1.27,28.8,False,False,,50.5,0.72,896927020,1.0,Teknologi,Neutral,Buy,,2026-09-28,Pantau,Belum ada arah yang jelas,304-318,280,374
DAYA,1095.0,-0.45,28.8,False,False,,53.8,0.2,26123200,0.29,Konsumen Primer,Buy,Strong Buy,,2026-09-28,Hindari dulu,"Transaksi rata-rata di bawah Rp 500 juta/hari, terlalu sepi",,,
HGII,139.0,0.0,28.8,False,False,,53.0,0.28,329430630,0.69,Infrastruktur,Neutral,Buy,,2026-09-28,Hindari dulu,"Transaksi rata-rata di bawah Rp 500 juta/hari, terlalu sepi",,,
HOMI,232.0,-0.85,28.8,False,False,,50.4,0.4,671726580,0.44,Properti & Real Estat,Sell,Neutral,,2026-09-28,Pantau,"Tren harian melemah, mingguan masih bertahan",222-232,206,272
KMTR,250.0,0.0,28.8,False,False,,52.1,0.21,27706800,0.63,Barang Baku,Neutral,Buy,,2026-09-28,Hindari dulu,"Transaksi rata-rata di bawah Rp 500 juta/hari, terlalu sepi",,,
SHIP,2570.0,0.0,28.8,False,False,,54.3,0.37,365389350,0.63,Energi,Sell,Buy,,2026-09-28,Hindari dulu,"Transaksi rata-rata di bawah Rp 500 juta/hari, terlalu sepi",,,
SSMS,1070.0,-0.47,28.8,False,False,,50.2,0.77,14936443800,0.92,Konsumen Primer,Neutral,Neutral,,2026-09-28,Pantau,Belum ada arah yang jelas,1035-1070,965,1230
TGUK,98.0,-9.26,28.8,False,False,,50.6,0.84,634093325,-0.06,Konsumen Primer,Neutral,Sell,,2026-09-28,Pantau,Belum ada arah yang jelas,90-98,82,119
LOPI,61.0,5.17,28.5,False,False,,41.7,1.03,1418208240,1.26,Transportasi & Logistik,Strong Sell,Sell,,2026-09-28,Hindari dulu,Tren harian dan mingguan masih turun,,,
PEVE,312.0,0.65,28.5,False,False,,48.1,1.08,366675540,0.86,Kesehatan,Neutral,Sell,,2026-09-28,Hindari dulu,"Transaksi rata-rata di bawah Rp 500 juta/hari, terlalu sepi",,,
BINO,104.0,-5.45,28.0,False,False,,25.9,1.72,135480885,0.76,Perindustrian,Sell,Sell,,2026-09-28,Hindari dulu,"Transaksi rata-rata di bawah Rp 500 juta/hari, terlalu sepi",,,
BRRC,50.0,-13.79,28.0,False,False,,23.0,6.31,1388734835,1.06,Konsumen Primer,Sell,Sell,,2026-09-28,Hindari dulu,Tren harian dan mingguan masih turun,,,
GRPM,127.0,-6.62,28.0,False,False,,25.8,1.85,1620781575,0.76,Konsumen Primer,Sell,Sell,,2026-09-28,Hindari dulu,Tren harian dan mingguan masih turun,,,
IOTF,47.0,-14.55,28.0,False,False,,29.2,1.64,2103044395,1.08,Teknologi,Sell,Sell,,2026-09-28,Hindari dulu,Tren harian dan mingguan masih turun,,,
IPTV,23.0,-4.17,28.0,False,False,,20.8,28.51,156608965,0.87,Konsumen Non-Primer,Sell,Sell,,2026-09-28,Hindari dulu,"Transaksi rata-rata di bawah Rp 500 juta/hari, terlalu sepi",,,
SDPC,183.0,-4.19,28.0,False,False,,35.9,1.06,102094535,0.6,Konsumen Primer,Sell,Neutral,,2026-09-28,Hindari dulu,"Transaksi rata-rata di bawah Rp 500 juta/hari, terlalu sepi",,,
TPMA,458.0,0.0,28.0,False,False,,39.4,1.26,658287930,0.74,Energi,Sell,Sell,,2026-09-28,Hindari dulu,Tren harian dan mingguan masih turun,,,
ASRI,120.0,0.84,27.2,False,False,,43.0,1.03,1017260345,1.04,Properti & Real Estat,Sell,Sell,,2026-09-28,Hindari dulu,Tren harian dan mingguan masih turun,,,
BBSI,4450.0,-1.55,27.2,False,False,,19.3,0.31,7530400,0.23,Keuangan,Sell,Sell,,2026-09-28,Hindari dulu,"Transaksi rata-rata di bawah Rp 500 juta/hari, terlalu sepi",,,
SPTO,605.0,0.83,27.2,False,False,,48.3,1.05,383891425,0.26,Perindustrian,Neutral,Buy,,2026-09-28,Hindari dulu,"Transaksi rata-rata di bawah Rp 500 juta/hari, terlalu sepi",,,
AMFG,3180.0,0.0,27.0,False,False,,38.1,0.44,29160150,0.26,Perindustrian,Sell,Sell,,2026-09-28,Hindari dulu,"Transaksi rata-rata di bawah Rp 500 juta/hari, terlalu sepi",,,
DILD,112.0,0.9,27.0,False,False,,36.3,0.44,1631458495,0.71,Properti & Real Estat,Sell,Sell,,2026-09-28,Hindari dulu,Tren harian dan mingguan masih turun,,,
IKAN,79.0,-2.47,27.0,False,False,,33.4,0.38,2012046615,1.26,Konsumen Primer,Sell,Sell,,2026-09-28,Hindari dulu,Tren harian dan mingguan masih turun,,,
MINA,208.0,-0.95,27.0,False,False,,21.3,1.27,11797590080,2.54,Konsumen Non-Primer,Sell,Sell,,2026-09-28,Hindari dulu,Tren harian dan mingguan masih turun,,,
ABMM,2560.0,-2.66,26.5,False,False,,34.6,2.89,1960235100,0.62,Energi,Sell,Sell,,2026-09-28,Hindari dulu,Tren harian dan mingguan masih turun,,,
DEPO,224.0,0.9,26.5,False,False,,30.8,2.15,82303860,0.8,Konsumen Non-Primer,Sell,Sell,,2026-09-28,Hindari dulu,"Transaksi rata-rata di bawah Rp 500 juta/hari, terlalu sepi",,,
GMFI,51.0,-5.56,26.5,False,False,,31.5,2.13,5607128210,0.93,Infrastruktur,Strong Sell,Sell,,2026-09-28,Hindari dulu,Tren harian dan mingguan masih turun,,,
PJAA,452.0,-1.31,26.5,False,False,,37.8,3.39,44659440,0.56,Konsumen Non-Primer,Sell,Sell,,2026-09-28,Hindari dulu,"Transaksi rata-rata di bawah Rp 500 juta/hari, terlalu sepi",,,
TALF,645.0,-5.15,26.5,False,False,,38.0,1.99,75225975,0.83,Barang Baku,Strong Sell,Neutral,,2026-09-28,Hindari dulu,"Transaksi rata-rata di bawah Rp 500 juta/hari, terlalu sepi",,,
TSPC,2640.0,-0.38,25.8,False,False,,32.7,0.87,1395849200,0.26,Kesehatan,Sell,Neutral,,2026-09-28,Pantau,"Tren harian melemah, mingguan masih bertahan",2610-2640,2560,2750
AIMS,450.0,-4.66,25.0,False,False,,45.3,0.25,641428870,1.12,Energi,Neutral,Strong Buy,,2026-09-28,Pantau,Belum ada arah yang jelas,428-450,384,550
AISA,118.0,1.72,25.0,False,False,,48.9,0.3,3412071210,1.05,Konsumen Primer,Neutral,Buy,,2026-09-28,Pantau,Belum ada arah yang jelas,114-118,106,136
AMMS,206.0,0.0,25.0,False,False,Hammer,44.5,0.21,187081560,0.71,Konsumen Primer,Sell,Strong Sell,,2026-09-28,Hindari dulu,"Transaksi rata-rata di bawah Rp 500 juta/hari, terlalu sepi",,,
APLI,272.0,1.49,25.0,False,False,,47.1,0.52,122431420,0.31,Barang Baku,Sell,Neutral,,2026-09-28,Hindari dulu,"Transaksi rata-rata di bawah Rp 500 juta/hari, terlalu sepi",,,
ASJT,161.0,-0.62,25.0,False,False,,50.3,0.57,93204705,0.57,Keuangan,Sell,Buy,,2026-09-28,Hindari dulu,"Transaksi rata-rata di bawah Rp 500 juta/hari, terlalu sepi",,,
BBLD,660.0,0.0,25.0,False,False,,50.1,0.12,28334275,0.27,Keuangan,Neutral,Neutral,,2026-09-28,Hindari dulu,"Transaksi rata-rata di bawah Rp 500 juta/hari, terlalu sepi",,,
BOLA,166.0,-3.49,25.0,False,False,,46.0,0.21,495494085,0.99,Konsumen Non-Primer,Sell,Buy,,2026-09-28,Hindari dulu,"Transaksi rata-rata di bawah Rp 500 juta/hari, terlalu sepi",,,
BSIM,910.0,-3.19,25.0,False,False,,43.7,0.24,914940575,0.67,Keuangan,Neutral,Strong Buy,,2026-09-28,Pantau,Belum ada arah yang jelas,860-910,770,1120
CASA,1800.0,0.0,25.0,False,False,,47.0,0.19,70685900,0.44,Keuangan,Sell,Buy,,2026-09-28,Hindari dulu,"Transaksi rata-rata di bawah Rp 500 juta/hari, terlalu sepi",,,
CINT,189.0,-3.08,25.0,False,False,,51.4,0.16,821069195,0.42,Konsumen Non-Primer,Neutral,Buy,,2026-09-28,Pantau,Belum ada arah yang jelas,181-189,167,222
CUAN,910.0,-2.67,25.0,False,False,,52.7,0.69,430040908075,2.17,Energi,Sell,Neutral,,2026-09-28,Pantau,"Tren harian melemah, mingguan masih bertahan",880-910,830,1030
GDST,105.0,-3.67,25.0,False,False,,42.1,0.38,3188820595,0.66,Barang Baku,Sell,Neutral,,2026-09-28,Pantau,"Tren harian melemah, mingguan masih bertahan",100-105,91,126
GTRA,250.0,-2.34,25.0,False,False,,51.2,0.42,557617700,1.17,Transportasi & Logistik,Neutral,Buy,,2026-09-28,Pantau,Belum ada arah yang jelas,240-250,224,288
HRUM,885.0,1.14,25.0,False,False,,47.9,0.81,13049191800,1.4,Energi,Neutral,Neutral,,2026-09-28,Pantau,Belum ada arah yang jelas,865-885,830,965
IGAR,472.0,0.0,25.0,False,False,,51.2,0.48,76388940,0.27,Barang Baku,Neutral,Buy,,2026-09-28,Hindari dulu,"Transaksi rata-rata di bawah Rp 500 juta/hari, terlalu sepi",,,
MDKA,2920.0,-4.89,25.0,False,False,,49.1,0.98,119900438500,1.38,Barang Baku,Neutral,Buy,,2026-09-28,Pantau,Belum ada arah yang jelas,2850-2920,2730,3200
PGJO,800.0,1.27,25.0,False,False,,41.3,0.38,1300419325,1.08,Teknologi,Sell,Buy,,2026-09-28,Pantau,"Tren harian melemah, mingguan masih bertahan",770-800,710,930
PGUN,9225.0,-4.16,25.0,False,False,,48.9,0.26,1269900750,1.77,Konsumen Primer,Sell,Buy,,2026-09-28,Pantau,"Tren harian melemah, mingguan masih bertahan",8850-9225,8100,10925
PTRO,5300.0,0.0,25.0,False,False,,52.6,0.59,234347681875,2.27,Energi,Neutral,Strong Buy,,2026-09-28,Pantau,Belum ada arah yang jelas,5150-5300,4920,5875
RONY,1445.0,-2.03,25.0,False,False,,52.1,0.12,312758275,1.57,Infrastruktur,Neutral,Buy,,2026-09-28,Hindari dulu,"Transaksi rata-rata di bawah Rp 500 juta/hari, terlalu sepi",,,
SRTG,1735.0,-1.7,25.0,False,False,,40.3,0.44,6518985325,0.93,Keuangan,Sell,Neutral,,2026-09-28,Pantau,"Tren harian melemah, mingguan masih bertahan",1710-1735,1665,1840
TIFA,302.0,2.72,25.0,False,False,Bullish Engulfing,45.0,0.15,159041150,0.4,Keuangan,Sell,Sell,,2026-09-28,Hindari dulu,"Transaksi rata-rata di bawah Rp 500 juta/hari, terlalu sepi",,,
UNTR,24375.0,0.62,25.0,False,False,,43.4,0.44,107288399000,0.66,Perindustrian,Sell,Sell,,2026-09-28,Hindari dulu,Tren harian dan mingguan masih turun,,,
VINS,142.0,0.0,25.0,False,False,,46.8,0.12,221890525,0.95,Keuangan,Sell,Neutral,,2026-09-28,Hindari dulu,"Transaksi rata-rata di bawah Rp 500 juta/hari, terlalu sepi",,,
ATLA,43.0,-14.0,24.2,False,False,,0.5,4.44,21170250,0.59,Energi,Sell,Sell,,2026-09-28,Hindari dulu,"Transaksi rata-rata di bawah Rp 500 juta/hari, terlalu sepi",,,
BABP,43.0,-14.0,24.2,False,False,,0.1,1.7,24550750,0.46,Keuangan,Sell,Sell,,2026-09-28,Hindari dulu,"Transaksi rata-rata di bawah Rp 500 juta/hari, terlalu sepi",,,
BCAP,43.0,-14.0,24.2,False,False,,0.5,3.33,5410250,0.37,Keuangan,Sell,Sell,,2026-09-28,Hindari dulu,"Transaksi rata-rata di bawah Rp 500 juta/hari, terlalu sepi",,,
BCIP,52.0,-7.14,24.2,False,False,,22.9,2.1,323391585,0.98,Properti & Real Estat,Sell,Sell,,2026-09-28,Hindari dulu,"Transaksi rata-rata di bawah Rp 500 juta/hari, terlalu sepi",,,
BHIT,20.0,-4.76,24.2,False,False,,25.5,23.3,300593020,1.0,Perindustrian,Sell,Sell,,2026-09-28,Hindari dulu,"Transaksi rata-rata di bawah Rp 500 juta/hari, terlalu sepi",,,
BSBK,43.0,-14.0,24.2,False,False,,7.0,2.91,75711000,0.93,Properti & Real Estat,Sell,Sell,,2026-09-28,Hindari dulu,"Transaksi rata-rata di bawah Rp 500 juta/hari, terlalu sepi",,,
CPRO,43.0,-14.0,24.2,False,False,,6.0,11.32,143618250,0.79,Konsumen Primer,Sell,Sell,,2026-09-28,Hindari dulu,"Transaksi rata-rata di bawah Rp 500 juta/hari, terlalu sepi",,,
DADA,43.0,-14.0,24.2,False,False,,0.0,12.72,8897500,0.07,Properti & Real Estat,Sell,Sell,,2026-09-28,Hindari dulu,"Transaksi rata-rata di bawah Rp 500 juta/hari, terlalu sepi",,,
GLOB,155.0,0.0,24.2,False,False,,77.8,0.0,0,0.11,Konsumen Non-Primer,Sell,Neutral,,2026-09-28,Hindari dulu,"Transaksi rata-rata di bawah Rp 500 juta/hari, terlalu sepi",,,
GOTO,43.0,-14.0,24.2,False,False,,0.1,11.57,574728250,0.41,Teknologi,Sell,Sell,,2026-09-28,Hindari dulu,Tren harian dan mingguan masih turun,,,
MAXI,43.0,-14.0,24.2,False,False,,0.1,3.13,10880750,0.1,Konsumen Primer,Sell,Sell,,2026-09-28,Hindari dulu,"Transaksi rata-rata di bawah Rp 500 juta/hari, terlalu sepi",,,
MDLN,43.0,-14.0,24.2,False,False,,2.4,4.56,12636250,0.52,Properti & Real Estat,Sell,Sell,,2026-09-28,Hindari dulu,"Transaksi rata-rata di bawah Rp 500 juta/hari, terlalu sepi",,,
MPPA,35.0,-2.78,24.2,False,False,,26.9,1.59,482791845,0.84,Konsumen Primer,Sell,Sell,,2026-09-28,Hindari dulu,"Transaksi rata-rata di bawah Rp 500 juta/hari, terlalu sepi",,,
NETV,43.0,-14.0,24.2,False,False,,8.3,2.22,52665750,1.48,Konsumen Non-Primer,Sell,Sell,,2026-09-28,Hindari dulu,"Transaksi rata-rata di bawah Rp 500 juta/hari, terlalu sepi",,,
PNBS,43.0,-14.0,24.2,False,False,,1.9,293.84,7876500,0.32,Keuangan,Sell,Sell,,2026-09-28,Hindari dulu,"Transaksi rata-rata di bawah Rp 500 juta/hari, terlalu sepi",,,
REAL,43.0,-14.0,24.2,False,False,,7.1,3.9,35531000,0.79,Properti & Real Estat,Sell,Sell,,2026-09-28,Hindari dulu,"Transaksi rata-rata di bawah Rp 500 juta/hari, terlalu sepi",,,
CSAP,282.0,-2.08,23.5,False,False,,41.3,1.24,49194580,0.37,Konsumen Non-Primer,Sell,Sell,,2026-09-28,Hindari dulu,"Transaksi rata-rata di bawah Rp 500 juta/hari, terlalu sepi",,,
CTBN,3050.0,1.67,23.5,False,False,Hammer,27.4,0.71,105320450,-0.01,Barang Baku,Buy,Sell,,2026-09-28,Hindari dulu,"Transaksi rata-rata di bawah Rp 500 juta/hari, terlalu sepi",,,
DFAM,76.0,-14.61,23.5,False,False,,40.5,1.2,5918319450,0.98,Konsumen Non-Primer,Strong Sell,Sell,,2026-09-28,Hindari dulu,Tren harian dan mingguan masih turun,,,
HRTA,2160.0,-5.68,23.5,False,False,,47.3,1.15,18834063200,1.3,Konsumen Non-Primer,Sell,Buy,,2026-09-28,Pantau,"Tren harian melemah, mingguan masih bertahan",2110-2160,2020,2370
KKGI,286.0,-4.67,23.5,False,False,,40.8,1.1,2412515440,0.83,Energi,Sell,Sell,,2026-09-28,Hindari dulu,Tren harian dan mingguan masih turun,,,
MDKI,190.0,-0.52,23.5,False,False,,44.1,1.03,66997160,0.48,Barang Baku,Sell,Buy,,2026-09-28,Hindari dulu,"Transaksi rata-rata di bawah Rp 500 juta/hari, terlalu sepi",,,
NISP,1245.0,-0.8,23.5,False,False,,43.0,1.01,8008909450,0.42,Keuangan,Sell,Sell,,2026-09-28,Hindari dulu,Tren harian dan mingguan masih turun,,,
POLI,875.0,-7.41,23.5,False,False,,47.3,1.08,53517375,1.41,Properti & Real Estat,Sell,Buy,,2026-09-28,Hindari dulu,"Transaksi rata-rata di bawah Rp 500 juta/hari, terlalu sepi",,,
SURI,75.0,-7.41,23.5,False,False,,29.3,0.7,858318950,1.14,Kesehatan,Sell,Sell,,2026-09-28,Hindari dulu,Tren harian dan mingguan masih turun,,,
SWID,95.0,-7.77,23.5,False,False,,28.6,0.55,1090777700,0.82,Konsumen Non-Primer,Sell,Sell,,2026-09-28,Hindari dulu,Tren harian dan mingguan masih turun,,,
TIRA,374.0,0.54,23.5,False,False,Hammer,20.4,0.35,193974610,0.24,Perindustrian,Sell,Sell,,2026-09-28,Hindari dulu,"Transaksi rata-rata di bawah Rp 500 juta/hari, terlalu sepi",,,
TOOL,52.0,-14.75,23.5,False,False,,26.3,0.26,9863695270,1.24,Konsumen Non-Primer,Sell,Sell,,2026-09-28,Hindari dulu,Tren harian dan mingguan masih turun,,,
ADCP,50.0,0.0,22.8,False,False,,43.9,0.0,0,0.24,Properti & Real Estat,Sell,Sell,,2026-09-28,Hindari dulu,"Transaksi rata-rata di bawah Rp 500 juta/hari, terlalu sepi",,,
ALTO,18.0,0.0,22.8,False,False,,49.1,0.0,0,0.0,Konsumen Primer,Buy,Sell,,2026-09-28,Hindari dulu,"Transaksi rata-rata di bawah Rp 500 juta/hari, terlalu sepi",,,
BATA,59.0,0.0,22.8,False,False,,44.5,0.0,0,0.48,Konsumen Non-Primer,Sell,Sell,,2026-09-28,Hindari dulu,"Transaksi rata-rata di bawah Rp 500 juta/hari, terlalu sepi",,,
BEBS,5.0,0.0,22.8,False,False,,44.1,0.0,0,0.0,Barang Baku,Sell,Sell,,2026-09-28,Hindari dulu,"Transaksi rata-rata di bawah Rp 500 juta/hari, terlalu sepi",,,
CANI,135.0,0.0,22.8,False,False,,48.8,0.0,0,1.2,Energi,Neutral,Sell,,2026-09-28,Hindari dulu,"Transaksi rata-rata di bawah Rp 500 juta/hari, terlalu sepi",,,
CMPP,69.0,0.0,22.8,False,False,,41.0,0.0,0,0.1,Transportasi & Logistik,Sell,Sell,,2026-09-28,Hindari dulu,"Transaksi rata-rata di bawah Rp 500 juta/hari, terlalu sepi",,,
CNKO,37.0,0.0,22.8,False,False,,42.3,0.0,0,1.36,Energi,Sell,Sell,,2026-09-28,Hindari dulu,"Transaksi rata-rata di bawah Rp 500 juta/hari, terlalu sepi",,,
DIGI,29.0,0.0,22.8,False,False,,44.1,0.0,0,0.65,Konsumen Non-Primer,Neutral,Sell,,2026-09-28,Hindari dulu,"Transaksi rata-rata di bawah Rp 500 juta/hari, terlalu sepi",,,
FASW,5312.0,0.0,22.8,False,False,,44.9,0.0,0,0.0,Barang Baku,Sell,Neutral,,2026-09-28,Hindari dulu,"Transaksi rata-rata di bawah Rp 500 juta/hari, terlalu sepi",,,
HILL,16.0,0.0,22.8,False,False,,44.3,0.0,0,1.03,Energi,Sell,Neutral,,2026-09-28,Hindari dulu,"Transaksi rata-rata di bawah Rp 500 juta/hari, terlalu sepi",,,
IBFN,63.0,0.0,22.8,False,False,,45.1,0.0,0,1.16,Perindustrian,Sell,Buy,,2026-09-28,Hindari dulu,"Transaksi rata-rata di bawah Rp 500 juta/hari, terlalu sepi",,,
INTA,61.0,0.0,22.8,False,False,,42.9,0.0,0,1.07,Perindustrian,Sell,Neutral,,2026-09-28,Hindari dulu,"Transaksi rata-rata di bawah Rp 500 juta/hari, terlalu sepi",,,
LCKM,109.0,0.0,22.8,False,False,,48.1,0.0,0,0.69,Infrastruktur,Sell,Sell,,2026-09-28,Hindari dulu,"Transaksi rata-rata di bawah Rp 500 juta/hari, terlalu sepi",,,
MARI,23.0,0.0,22.8,False,False,,40.7,0.0,0,0.8,Konsumen Non-Primer,Sell,Sell,,2026-09-28,Hindari dulu,"Transaksi rata-rata di bawah Rp 500 juta/hari, terlalu sepi",,,
MENN,53.0,0.0,22.8,False,False,,46.2,0.0,0,0.06,Teknologi,Neutral,Neutral,,2026-09-28,Hindari dulu,"Transaksi rata-rata di bawah Rp 500 juta/hari, terlalu sepi",,,
MKNT,1.0,0.0,22.8,False,False,,44.8,0.0,0,0.0,Konsumen Non-Primer,Sell,Sell,,2026-09-28,Hindari dulu,"Transaksi rata-rata di bawah Rp 500 juta/hari, terlalu sepi",,,
MTSM,500.0,0.0,22.8,False,False,,50.0,0.0,0,0.0,Properti & Real Estat,Sell,Buy,,2026-09-28,Hindari dulu,"Transaksi rata-rata di bawah Rp 500 juta/hari, terlalu sepi",,,
MYTX,41.0,0.0,22.8,False,False,,44.2,0.0,0,0.36,Konsumen Non-Primer,Sell,Sell,,2026-09-28,Hindari dulu,"Transaksi rata-rata di bawah Rp 500 juta/hari, terlalu sepi",,,
PLIN,2510.0,0.0,22.8,False,False,,47.4,0.0,0,0.0,Properti & Real Estat,Sell,Neutral,,2026-09-28,Hindari dulu,"Transaksi rata-rata di bawah Rp 500 juta/hari, terlalu sepi",,,
POLL,112.0,0.0,22.8,False,False,,41.8,0.0,0,0.0,Properti & Real Estat,Sell,Sell,,2026-09-28,Hindari dulu,"Transaksi rata-rata di bawah Rp 500 juta/hari, terlalu sepi",,,
POLY,32.0,0.0,22.8,False,False,,42.0,0.0,0,0.62,Konsumen Non-Primer,Neutral,Sell,,2026-09-28,Hindari dulu,"Transaksi rata-rata di bawah Rp 500 juta/hari, terlalu sepi",,,
RAFI,36.0,0.0,22.8,False,False,,40.4,0.0,0,0.33,Konsumen Non-Primer,Neutral,Sell,,2026-09-28,Hindari dulu,"Transaksi rata-rata di bawah Rp 500 juta/hari, terlalu sepi",,,
SBAT,1.0,0.0,22.8,False,False,,45.3,0.0,0,0.0,Konsumen Non-Primer,Sell,Neutral,,2026-09-28,Hindari dulu,"Transaksi rata-rata di bawah Rp 500 juta/hari, terlalu sepi",,,
SOUL,37.0,0.0,22.8,False,False,,42.9,0.0,0,0.87,Konsumen Primer,Sell,Sell,,2026-09-28,Hindari dulu,"Transaksi rata-rata di bawah Rp 500 juta/hari, terlalu sepi",,,
TOPS,1.0,0.0,22.8,False,False,,43.0,0.0,0,0.0,Infrastruktur,Sell,Neutral,,2026-09-28,Hindari dulu,"Transaksi rata-rata di bawah Rp 500 juta/hari, terlalu sepi",,,
WSBP,14.0,0.0,22.8,False,False,,44.3,0.0,0,0.94,Barang Baku,Neutral,Sell,,2026-09-28,Hindari dulu,"Transaksi rata-rata di bawah Rp 500 juta/hari, terlalu sepi",,,
ZINC,30.0,0.0,22.8,False,False,,42.0,0.0,0,0.74,Barang Baku,Neutral,Neutral,,2026-09-28,Hindari dulu,"Transaksi rata-rata di bawah Rp 500 juta/hari, terlalu sepi",,,
CGAS,148.0,2.07,22.5,False,False,,46.7,0.43,590175620,1.1,Energi,Sell,Strong Sell,,2026-09-28,Hindari dulu,Tren harian dan mingguan masih turun,,,
OBMD,193.0,0.52,22.5,False,False,,48.5,0.39,471515660,0.69,Barang Baku,Sell,Sell,,2026-09-28,Hindari dulu,"Transaksi rata-rata di bawah Rp 500 juta/hari, terlalu sepi",,,
PDES,382.0,2.14,22.5,False,False,,48.2,0.08,175215060,0.02,Konsumen Non-Primer,Neutral,Sell,,2026-09-28,Hindari dulu,"Transaksi rata-rata di bawah Rp 500 juta/hari, terlalu sepi",,,
PUDP,270.0,1.5,22.5,False,False,,40.4,0.41,46414950,0.66,Properti & Real Estat,Sell,Sell,,2026-09-28,Hindari dulu,"Transaksi rata-rata di bawah Rp 500 juta/hari, terlalu sepi",,,
ACES,342.0,0.0,22.0,False,False,Hammer,39.7,0.4,6770397260,0.6,Konsumen Non-Primer,Strong Sell,Sell,,2026-09-28,Hindari dulu,Tren harian dan mingguan turun. Hammer belum terkonfirmasi,,,
AHAP,91.0,8.33,22.0,False,False,,48.0,2.55,8625953449,2.38,Keuangan,Sell,Sell,,2026-09-28,Hindari dulu,Tren harian dan mingguan masih turun,,,
APEX,174.0,1.16,22.0,False,False,,38.6,0.46,4390081185,1.49,Energi,Sell,Buy,,2026-09-28,Pantau,"Tren harian melemah, mingguan masih bertahan",169-174,159,197
ASBI,392.0,0.0,22.0,False,False,Hammer,39.9,0.14,27063440,0.26,Keuangan,Sell,Sell,,2026-09-28,Hindari dulu,"Transaksi rata-rata di bawah Rp 500 juta/hari, terlalu sepi",,,
BABY,183.0,-1.08,22.0,False,False,,33.8,0.97,397848335,1.87,Konsumen Non-Primer,Sell,Sell,,2026-09-28,Hindari dulu,"Transaksi rata-rata di bawah Rp 500 juta/hari, terlalu sepi",,,
BPFI,236.0,-0.84,22.0,False,False,Hammer,33.6,0.33,39696970,0.29,Keuangan,Sell,Sell,,2026-09-28,Hindari dulu,"Transaksi rata-rata di bawah Rp 500 juta/hari, terlalu sepi",,,
BVIC,86.0,-4.44,22.0,False,False,,28.6,1.06,277267370,1.03,Keuangan,Sell,Sell,,2026-09-28,Hindari dulu,"Transaksi rata-rata di bawah Rp 500 juta/hari, terlalu sepi",,,
DYAN,75.0,-8.54,22.0,False,False,,35.1,0.34,5053900320,0.63,Perindustrian,Sell,Strong Sell,,2026-09-28,Hindari dulu,Tren harian dan mingguan masih turun,,,
ENZO,58.0,-14.71,22.0,False,False,,32.4,0.17,4106883675,1.38,Konsumen Primer,Sell,Sell,,2026-09-28,Hindari dulu,Tren harian dan mingguan masih turun,,,
ESTI,144.0,-0.69,22.0,False,False,,38.0,0.21,5374433725,1.92,Konsumen Non-Primer,Sell,Neutral,,2026-09-28,Pantau,"Tren harian melemah, mingguan masih bertahan",136-144,120,180
GIAA,56.0,0.0,22.0,False,False,,33.6,0.96,6144925325,1.1,Transportasi & Logistik,Sell,Sell,,2026-09-28,Hindari dulu,Tren harian dan mingguan masih turun,,,
ITMA,1355.0,0.0,22.0,False,False,,37.8,0.33,211928900,1.14,Energi,Sell,Sell,,2026-09-28,Hindari dulu,"Transaksi rata-rata di bawah Rp 500 juta/hari, terlalu sepi",,,
KLAS,68.0,-10.53,22.0,False,False,,25.2,1.28,840631915,1.41,Transportasi & Logistik,Sell,Sell,,2026-09-28,Hindari dulu,Tren harian dan mingguan masih turun,,,
KUAS,84.0,-4.55,22.0,False,False,,32.2,0.31,5364267765,1.36,Perindustrian,Sell,Sell,,2026-09-28,Hindari dulu,Tren harian dan mingguan masih turun,,,
LABS,146.0,-3.31,22.0,False,False,,36.3,0.22,1305976285,0.38,Kesehatan,Sell,Sell,,2026-09-28,Hindari dulu,Tren harian dan mingguan masih turun,,,
LPCK,500.0,-3.85,22.0,False,False,,21.9,1.23,287400150,0.83,Properti & Real Estat,Sell,Strong Sell,,2026-09-28,Hindari dulu,"Transaksi rata-rata di bawah Rp 500 juta/hari, terlalu sepi",,,
MDIA,158.0,-4.24,22.0,False,False,,36.0,0.38,75961457605,1.94,Konsumen Non-Primer,Sell,Buy,,2026-09-28,Pantau,"Tren harian melemah, mingguan masih bertahan",147-158,126,206
OMRE,905.0,-4.74,22.0,False,False,,39.9,0.17,31764800,0.6,Properti & Real Estat,Sell,Neutral,,2026-09-28,Hindari dulu,"Transaksi rata-rata di bawah Rp 500 juta/hari, terlalu sepi",,,
PAMG,44.0,-12.0,22.0,False,False,,21.4,1.42,1796545375,1.11,Properti & Real Estat,Sell,Sell,,2026-09-28,Hindari dulu,Tren harian dan mingguan masih turun,,,
PIPA,142.0,0.71,22.0,False,False,,37.7,0.41,38335955310,2.01,Perindustrian,Sell,Neutral,,2026-09-28,Pantau,"Tren harian melemah, mingguan masih bertahan",132-142,114,184
PNSE,480.0,0.0,22.0,False,False,Bullish Marubozu,39.1,0.06,10735400,0.43,Konsumen Non-Primer,Strong Sell,Sell,,2026-09-28,Hindari dulu,"Transaksi rata-rata di bawah Rp 500 juta/hari, terlalu sepi",,,
PTIS,250.0,-3.1,22.0,False,False,,41.9,5.09,150799820,0.55,Energi,Sell,Sell,,2026-09-28,Hindari dulu,"Transaksi rata-rata di bawah Rp 500 juta/hari, terlalu sepi",,,
PYFA,208.0,-0.95,22.0,False,False,,37.0,0.31,8001724890,1.71,Kesehatan,Sell,Sell,,2026-09-28,Hindari dulu,Tren harian dan mingguan masih turun,,,
SKLT,196.0,-0.51,22.0,False,False,,31.3,0.34,43445680,0.71,Konsumen Primer,Sell,Sell,,2026-09-28,Hindari dulu,"Transaksi rata-rata di bawah Rp 500 juta/hari, terlalu sepi",,,
SUNI,670.0,-0.74,22.0,False,False,Hammer,36.8,0.6,294951600,0.29,Energi,Strong Sell,Sell,,2026-09-28,Hindari dulu,"Transaksi rata-rata di bawah Rp 500 juta/hari, terlalu sepi",,,
TCPI,1620.0,5.19,22.0,False,False,Bullish Engulfing,30.8,0.72,12160120425,0.59,Energi,Sell,Sell,,2026-09-28,Hindari dulu,Tren harian dan mingguan turun. Bullish Engulfing belum terkonfirmasi,,,
TGKA,4840.0,-1.02,22.0,False,False,,39.0,0.81,7389800,0.04,Konsumen Primer,Strong Sell,Sell,,2026-09-28,Hindari dulu,"Transaksi rata-rata di bawah Rp 500 juta/hari, terlalu sepi",,,
TKIM,7125.0,0.0,22.0,False,False,,36.7,0.61,23213568125,1.21,Barang Baku,Sell,Neutral,,2026-09-28,Pantau,"Tren harian melemah, mingguan masih bertahan",6975-7125,6700,7775
TYRE,108.0,-0.92,22.0,False,False,Hammer,38.8,0.18,194737755,0.35,Konsumen Non-Primer,Sell,Sell,,2026-09-28,Hindari dulu,"Transaksi rata-rata di bawah Rp 500 juta/hari, terlalu sepi",,,
WGSH,102.0,-9.73,22.0,False,False,,27.8,1.29,4243586445,0.64,Teknologi,Sell,Sell,,2026-09-28,Hindari dulu,Tren harian dan mingguan masih turun,,,
YELO,74.0,0.0,22.0,False,False,,32.2,0.2,13641739350,2.18,Konsumen Non-Primer,Sell,Sell,,2026-09-28,Hindari dulu,Tren harian dan mingguan masih turun,,,
ADHI,133.0,0.0,21.2,False,False,,18.8,0.0,0,0.83,Infrastruktur,Neutral,Sell,,2026-09-28,Hindari dulu,"Transaksi rata-rata di bawah Rp 500 juta/hari, terlalu sepi",,,
AKPI,515.0,0.98,21.2,False,False,,47.5,0.27,318528150,0.33,Barang Baku,Sell,Sell,,2026-09-28,Hindari dulu,"Transaksi rata-rata di bawah Rp 500 juta/hari, terlalu sepi",,,
ATAP,545.0,0.0,21.2,False,False,,44.8,0.8,556803000,1.46,Properti & Real Estat,Sell,Buy,,2026-09-28,Pantau,"Tren harian melemah, mingguan masih bertahan",525-545,490,625
BBCA,6225.0,-0.4,21.2,False,False,,42.5,0.91,792519135875,0.84,Keuangan,Sell,Sell,,2026-09-28,Hindari dulu,Tren harian dan mingguan masih turun,,,
BBRI,3140.0,-0.32,21.2,False,False,,41.1,0.52,652702132300,0.82,Keuangan,Sell,Sell,,2026-09-28,Hindari dulu,Tren harian dan mingguan masih turun,,,
BLTZ,2000.0,0.0,21.2,False,False,,1.1,0.0,20000,0.13,Konsumen Non-Primer,Neutral,Sell,,2026-09-28,Hindari dulu,"Transaksi rata-rata di bawah Rp 500 juta/hari, terlalu sepi",,,
BPTR,68.0,-4.23,21.2,False,False,,41.8,0.37,1901303785,0.48,Transportasi & Logistik,Sell,Sell,,2026-09-28,Hindari dulu,Tren harian dan mingguan masih turun,,,
DCII,198000.0,0.0,21.2,False,False,,47.5,0.0,128386750,0.51,Teknologi,Strong Sell,Neutral,,2026-09-28,Hindari dulu,"Transaksi rata-rata di bawah Rp 500 juta/hari, terlalu sepi",,,
DSSA,1055.0,0.0,21.2,False,False,,49.0,0.57,401628008925,1.85,Energi,Sell,Sell,,2026-09-28,Hindari dulu,Tren harian dan mingguan masih turun,,,
ETWA,70.0,0.0,21.2,False,False,,25.9,0.0,0,0.0,Barang Baku,Sell,Sell,,2026-09-28,Hindari dulu,"Transaksi rata-rata di bawah Rp 500 juta/hari, terlalu sepi",,,
FISH,625.0,0.0,21.2,False,False,,47.0,0.1,238331250,0.98,Konsumen Primer,Sell,Sell,,2026-09-28,Hindari dulu,"Transaksi rata-rata di bawah Rp 500 juta/hari, terlalu sepi",,,
GOLD,272.0,-1.45,21.2,False,False,,45.4,0.15,52104840,0.44,Infrastruktur,Strong Sell,Sell,,2026-09-28,Hindari dulu,"Transaksi rata-rata di bawah Rp 500 juta/hari, terlalu sepi",,,
HITS,116.0,0.0,21.2,False,False,,15.0,0.0,0,0.0,Energi,Sell,Neutral,,2026-09-28,Hindari dulu,"Transaksi rata-rata di bawah Rp 500 juta/hari, terlalu sepi",,,
INAF,126.0,0.0,21.2,False,False,,24.6,0.0,0,0.0,Kesehatan,Sell,Sell,,2026-09-28,Hindari dulu,"Transaksi rata-rata di bawah Rp 500 juta/hari, terlalu sepi",,,
INET,286.0,-1.38,21.2,False,False,,40.4,0.63,173430244890,2.43,Infrastruktur,Sell,Neutral,,2026-09-28,Pantau,"Tren harian melemah, mingguan masih bertahan",274-286,250,338
KAYU,18.0,0.0,21.2,False,False,,2.3,0.0,0,0.0,Barang Baku,Sell,Neutral,,2026-09-28,Hindari dulu,"Transaksi rata-rata di bawah Rp 500 juta/hari, terlalu sepi",,,
KLIN,114.0,-2.56,21.2,False,False,,43.9,0.37,59962090,0.6,Konsumen Non-Primer,Strong Sell,Sell,,2026-09-28,Hindari dulu,"Transaksi rata-rata di bawah Rp 500 juta/hari, terlalu sepi",,,
LINK,1570.0,1.29,21.2,False,False,,47.8,0.21,70498350,1.22,Infrastruktur,Sell,Sell,,2026-09-28,Hindari dulu,"Transaksi rata-rata di bawah Rp 500 juta/hari, terlalu sepi",,,
LMSH,256.0,0.0,21.2,False,False,,16.1,0.0,0,0.0,Barang Baku,Sell,Sell,,2026-09-28,Hindari dulu,"Transaksi rata-rata di bawah Rp 500 juta/hari, terlalu sepi",,,
MKTR,123.0,0.0,21.2,False,False,,49.7,0.41,102203560,0.69,Konsumen Primer,Sell,Sell,,2026-09-28,Hindari dulu,"Transaksi rata-rata di bawah Rp 500 juta/hari, terlalu sepi",,,
MMLP,296.0,0.0,21.2,False,False,,43.7,0.35,483834890,0.72,Properti & Real Estat,Sell,Sell,,2026-09-28,Hindari dulu,"Transaksi rata-rata di bawah Rp 500 juta/hari, terlalu sepi",,,
NRCA,530.0,0.0,21.2,False,False,,43.8,0.51,4327285625,2.0,Infrastruktur,Sell,Sell,,2026-09-28,Hindari dulu,Tren harian dan mingguan masih turun,,,
RCCC,107.0,0.0,21.2,False,False,,42.3,0.21,107436350,0.49,Transportasi & Logistik,Sell,Sell,,2026-09-28,Hindari dulu,"Transaksi rata-rata di bawah Rp 500 juta/hari, terlalu sepi",,,
SRAJ,13000.0,0.0,21.2,False,False,,46.6,0.0,37158125,0.39,Kesehatan,Sell,Neutral,,2026-09-28,Hindari dulu,"Transaksi rata-rata di bawah Rp 500 juta/hari, terlalu sepi",,,
SUPR,43850.0,0.0,21.2,False,False,,0.2,0.0,0,0.0,Infrastruktur,Sell,Sell,,2026-09-28,Hindari dulu,"Transaksi rata-rata di bawah Rp 500 juta/hari, terlalu sepi",,,
TAYS,50.0,0.0,21.2,False,False,,23.9,0.0,0,0.73,Konsumen Primer,Neutral,Sell,,2026-09-28,Hindari dulu,"Transaksi rata-rata di bawah Rp 500 juta/hari, terlalu sepi",,,
TGRA,27.0,0.0,21.2,False,False,,28.0,0.0,0,0.0,Infrastruktur,Neutral,Sell,,2026-09-28,Hindari dulu,"Transaksi rata-rata di bawah Rp 500 juta/hari, terlalu sepi",,,
TOYS,8.0,0.0,21.2,False,False,,29.9,0.0,0,0.0,Konsumen Non-Primer,Sell,Neutral,,2026-09-28,Hindari dulu,"Transaksi rata-rata di bawah Rp 500 juta/hari, terlalu sepi",,,
VKTR,770.0,-1.28,21.2,False,False,,44.3,0.3,71198438200,2.46,Konsumen Non-Primer,Sell,Neutral,,2026-09-28,Pantau,"Tren harian melemah, mingguan masih bertahan",740-770,690,890
ZYRX,127.0,-0.78,21.2,False,False,,45.1,0.47,101430990,0.72,Teknologi,Sell,Sell,,2026-09-28,Hindari dulu,"Transaksi rata-rata di bawah Rp 500 juta/hari, terlalu sepi",,,
AGRO,134.0,-4.29,20.5,False,False,,27.1,2.09,967605635,1.14,Keuangan,Sell,Sell,,2026-09-28,Hindari dulu,Tren harian dan mingguan masih turun,,,
AMAN,193.0,-6.31,20.5,False,False,,18.0,2.68,82670620,1.1,Properti & Real Estat,Sell,Sell,,2026-09-28,Hindari dulu,"Transaksi rata-rata di bawah Rp 500 juta/hari, terlalu sepi",,,
APLN,109.0,-6.84,20.5,False,False,,26.9,2.04,2889398890,1.11,Properti & Real Estat,Sell,Sell,,2026-09-28,Hindari dulu,Tren harian dan mingguan masih turun,,,
ASLC,57.0,-6.56,20.5,False,False,,32.8,1.22,1413786650,1.09,Konsumen Non-Primer,Sell,Sell,,2026-09-28,Hindari dulu,Tren harian dan mingguan masih turun,,,
BBKP,43.0,-14.0,20.5,False,False,,13.6,4.36,3083897570,0.88,Keuangan,Sell,Sell,,2026-09-28,Hindari dulu,Tren harian dan mingguan masih turun,,,
BKSL,55.0,-14.06,20.5,False,False,,24.9,3.12,9936356935,1.75,Properti & Real Estat,Sell,Sell,,2026-09-28,Hindari dulu,Tren harian dan mingguan masih turun,,,
BMTR,74.0,-13.95,20.5,False,False,,16.3,3.71,8856859895,1.08,Konsumen Non-Primer,Sell,Sell,,2026-09-28,Hindari dulu,Tren harian dan mingguan masih turun,,,
BNII,187.0,-1.06,20.5,False,False,,35.1,1.3,301387590,0.56,Keuangan,Sell,Sell,,2026-09-28,Hindari dulu,"Transaksi rata-rata di bawah Rp 500 juta/hari, terlalu sepi",,,
BOAT,124.0,-10.14,20.5,False,False,,30.9,1.19,636676900,1.95,Energi,Sell,Sell,,2026-09-28,Hindari dulu,Tren harian dan mingguan masih turun,,,
BULL,358.0,0.56,20.5,False,False,,32.2,1.01,188133052610,2.4,Energi,Sell,Sell,,2026-09-28,Hindari dulu,Tren harian dan mingguan masih turun,,,
DNAR,120.0,-2.44,20.5,False,False,,30.7,1.13,205287125,1.32,Keuangan,Sell,Sell,,2026-09-28,Hindari dulu,"Transaksi rata-rata di bawah Rp 500 juta/hari, terlalu sepi",,,
HAIS,174.0,-2.79,20.5,False,False,,31.4,1.26,171487460,0.68,Transportasi & Logistik,Sell,Sell,,2026-09-28,Hindari dulu,"Transaksi rata-rata di bawah Rp 500 juta/hari, terlalu sepi",,,
HEXA,3630.0,-8.56,20.5,False,False,,14.2,2.25,5067722350,0.36,Perindustrian,Sell,Sell,,2026-09-28,Hindari dulu,Tren harian dan mingguan masih turun,,,
IRSX,354.0,-5.35,20.5,False,False,,39.5,1.44,31051690900,2.02,Teknologi,Sell,Neutral,,2026-09-28,Pantau,"Tren harian melemah, mingguan masih bertahan",338-354,308,422
JTPE,585.0,-1.68,20.5,False,False,,39.3,1.04,708734450,0.48,Perindustrian,Sell,Neutral,,2026-09-28,Pantau,"Tren harian melemah, mingguan masih bertahan",575-585,560,620
LPKR,43.0,-14.0,20.5,False,False,,12.3,2.27,10396809745,1.24,Properti & Real Estat,Sell,Sell,,2026-09-28,Hindari dulu,Tren harian dan mingguan masih turun,,,
LPPS,58.0,-13.43,20.5,False,False,,15.6,2.0,164534275,1.46,Keuangan,Sell,Sell,,2026-09-28,Hindari dulu,"Transaksi rata-rata di bawah Rp 500 juta/hari, terlalu sepi",,,
MLIA,210.0,0.0,20.5,False,False,,24.1,1.87,26045830,0.13,Perindustrian,Sell,Sell,,2026-09-28,Hindari dulu,"Transaksi rata-rata di bawah Rp 500 juta/hari, terlalu sepi",,,
MNCN,118.0,-13.24,20.5,False,False,,10.1,2.18,16895663060,0.8,Konsumen Non-Primer,Sell,Sell,,2026-09-28,Hindari dulu,Tren harian dan mingguan masih turun,,,
NAIK,83.0,-3.49,20.5,False,False,,32.4,1.16,694366580,1.07,Barang Baku,Sell,Sell,,2026-09-28,Hindari dulu,Tren harian dan mingguan masih turun,,,
NPGF,48.0,-7.69,20.5,False,False,,22.1,1.51,1044341330,0.79,Barang Baku,Sell,Sell,,2026-09-28,Hindari dulu,Tren harian dan mingguan masih turun,,,
PALM,276.0,-3.5,20.5,False,False,,27.6,2.59,76228220,0.68,Keuangan,Sell,Sell,,2026-09-28,Hindari dulu,"Transaksi rata-rata di bawah Rp 500 juta/hari, terlalu sepi",,,
PTMP,45.0,-13.46,20.5,False,False,,18.5,1.66,1145858305,1.5,Perindustrian,Sell,Sell,,2026-09-28,Hindari dulu,Tren harian dan mingguan masih turun,,,
PWON,258.0,-3.01,20.5,False,False,,39.7,1.04,9628383310,0.58,Properti & Real Estat,Sell,Sell,,2026-09-28,Hindari dulu,Tren harian dan mingguan masih turun,,,
RALS,380.0,-0.52,20.5,False,False,,38.3,1.08,950959930,0.44,Konsumen Non-Primer,Sell,Sell,,2026-09-28,Hindari dulu,Tren harian dan mingguan masih turun,,,
SOTS,498.0,-11.86,20.5,False,False,,27.9,2.49,166935650,1.51,Konsumen Non-Primer,Sell,Sell,,2026-09-28,Hindari dulu,"Transaksi rata-rata di bawah Rp 500 juta/hari, terlalu sepi",,,
SPMA,161.0,-2.42,20.5,False,False,,33.5,1.29,100217380,0.59,Barang Baku,Sell,Sell,,2026-09-28,Hindari dulu,"Transaksi rata-rata di bawah Rp 500 juta/hari, terlalu sepi",,,
TCID,2460.0,0.41,20.5,False,False,,34.6,1.27,24709950,0.42,Konsumen Primer,Strong Sell,Strong Sell,,2026-09-28,Hindari dulu,"Transaksi rata-rata di bawah Rp 500 juta/hari, terlalu sepi",,,
TOWR,382.0,-2.05,20.5,False,False,,30.9,1.01,27569939270,0.79,Infrastruktur,Sell,Sell,,2026-09-28,Hindari dulu,Tren harian dan mingguan masih turun,,,
ABBA,30.0,0.0,19.8,False,False,,32.5,0.0,0,0.9,Konsumen Non-Primer,Sell,Sell,,2026-09-28,Hindari dulu,"Transaksi rata-rata di bawah Rp 500 juta/hari, terlalu sepi",,,
ARKA,22.0,0.0,19.8,False,False,,35.0,0.0,0,0.92,Perindustrian,Sell,Sell,,2026-09-28,Hindari dulu,"Transaksi rata-rata di bawah Rp 500 juta/hari, terlalu sepi",,,
ARTI,2.0,0.0,19.8,False,False,,39.6,0.0,0,0.0,Energi,Sell,Neutral,,2026-09-28,Hindari dulu,"Transaksi rata-rata di bawah Rp 500 juta/hari, terlalu sepi",,,
BOSS,50.0,0.0,19.8,False,False,,34.6,0.0,0,0.0,Energi,Sell,Sell,,2026-09-28,Hindari dulu,"Transaksi rata-rata di bawah Rp 500 juta/hari, terlalu sepi",,,
DEAL,6.0,0.0,19.8,False,False,,33.6,0.0,0,0.0,Transportasi & Logistik,Sell,Neutral,,2026-09-28,Hindari dulu,"Transaksi rata-rata di bawah Rp 500 juta/hari, terlalu sepi",,,
EPAC,43.0,-14.0,19.8,False,False,,21.2,0.14,2501120310,0.88,Barang Baku,Sell,Sell,,2026-09-28,Hindari dulu,Tren harian dan mingguan masih turun,,,
FIMP,69.0,0.0,19.8,False,False,,38.0,0.0,0,0.0,Infrastruktur,Neutral,Neutral,,2026-09-28,Hindari dulu,"Transaksi rata-rata di bawah Rp 500 juta/hari, terlalu sepi",,,
INCF,50.0,0.0,19.8,False,False,,34.6,0.0,0,0.86,Barang Baku,Sell,Neutral,,2026-09-28,Hindari dulu,"Transaksi rata-rata di bawah Rp 500 juta/hari, terlalu sepi",,,
INDX,60.0,0.0,19.8,False,False,,32.7,0.0,0,1.26,Perindustrian,Sell,Sell,,2026-09-28,Hindari dulu,"Transaksi rata-rata di bawah Rp 500 juta/hari, terlalu sepi",,,
INRU,590.0,0.0,19.8,False,False,,30.7,0.0,0,0.01,Barang Baku,Sell,Sell,,2026-09-28,Hindari dulu,"Transaksi rata-rata di bawah Rp 500 juta/hari, terlalu sepi",,,
JMAS,228.0,0.0,19.8,False,False,,39.7,0.0,0,1.08,Keuangan,Neutral,Neutral,,2026-09-28,Hindari dulu,"Transaksi rata-rata di bawah Rp 500 juta/hari, terlalu sepi",,,
KARW,212.0,0.0,19.8,False,False,,30.6,0.0,0,0.58,Infrastruktur,Sell,Sell,,2026-09-28,Hindari dulu,"Transaksi rata-rata di bawah Rp 500 juta/hari, terlalu sepi",,,
MDRN,26.0,0.0,19.8,False,False,,34.1,0.0,0,1.21,Perindustrian,Sell,Sell,,2026-09-28,Hindari dulu,"Transaksi rata-rata di bawah Rp 500 juta/hari, terlalu sepi",,,
MEGA,1895.0,-2.32,19.8,False,False,,25.3,0.43,113385700,0.44,Keuangan,Sell,Strong Sell,,2026-09-28,Hindari dulu,"Transaksi rata-rata di bawah Rp 500 juta/hari, terlalu sepi",,,
MFMI,1300.0,0.0,19.8,False,False,,85.5,0.0,0,0.0,Perindustrian,Sell,Neutral,,2026-09-28,Hindari dulu,"Transaksi rata-rata di bawah Rp 500 juta/hari, terlalu sepi",,,
MREI,920.0,0.0,19.8,False,False,,32.4,0.0,0,0.49,Keuangan,Sell,Sell,,2026-09-28,Hindari dulu,"Transaksi rata-rata di bawah Rp 500 juta/hari, terlalu sepi",,,
MSKY,46.0,-13.21,19.8,False,False,,28.2,0.1,4868101650,1.05,Konsumen Non-Primer,Sell,Sell,,2026-09-28,Hindari dulu,Tren harian dan mingguan masih turun,,,
MTFN,13.0,0.0,19.8,False,False,,36.7,0.0,0,1.29,Energi,Sell,Sell,,2026-09-28,Hindari dulu,"Transaksi rata-rata di bawah Rp 500 juta/hari, terlalu sepi",,,
PMMP,50.0,0.0,19.8,False,False,,31.3,0.0,0,0.0,Konsumen Primer,Neutral,Neutral,,2026-09-28,Hindari dulu,"Transaksi rata-rata di bawah Rp 500 juta/hari, terlalu sepi",,,
PTDU,70.0,0.0,19.8,False,False,,38.2,0.0,0,0.3,Infrastruktur,Neutral,Neutral,,2026-09-28,Hindari dulu,"Transaksi rata-rata di bawah Rp 500 juta/hari, terlalu sepi",,,
PTMR,374.0,0.0,19.8,False,False,,97.3,0.0,0,0.0,Konsumen Non-Primer,Sell,Neutral,,2026-09-28,Hindari dulu,"Transaksi rata-rata di bawah Rp 500 juta/hari, terlalu sepi",,,
SWAT,16.0,0.0,19.8,False,False,,32.3,0.0,0,0.0,Barang Baku,Sell,Sell,,2026-09-28,Hindari dulu,"Transaksi rata-rata di bawah Rp 500 juta/hari, terlalu sepi",,,
TELE,9.0,0.0,19.8,False,False,,39.6,0.0,0,0.0,Konsumen Non-Primer,Sell,Sell,,2026-09-28,Hindari dulu,"Transaksi rata-rata di bawah Rp 500 juta/hari, terlalu sepi",,,
WICO,123.0,0.0,19.8,False,False,,31.9,0.0,0,0.0,Konsumen Primer,Sell,Sell,,2026-09-28,Hindari dulu,"Transaksi rata-rata di bawah Rp 500 juta/hari, terlalu sepi",,,
WIKA,204.0,0.0,19.8,False,False,,40.0,0.0,0,0.0,Infrastruktur,Sell,Sell,,2026-09-28,Hindari dulu,"Transaksi rata-rata di bawah Rp 500 juta/hari, terlalu sepi",,,
ZBRA,50.0,0.0,19.8,False,False,,36.3,0.0,0,0.0,Perindustrian,Sell,Neutral,,2026-09-28,Hindari dulu,"Transaksi rata-rata di bawah Rp 500 juta/hari, terlalu sepi",,,
PGAS,1440.0,0.7,19.5,False,False,,37.5,0.37,52011183850,0.72,Energi,Sell,Sell,,2026-09-28,Hindari dulu,Tren harian dan mingguan masih turun,,,
RISE,710.0,1.43,19.5,False,False,,33.2,0.91,1952700175,1.14,Properti & Real Estat,Sell,Sell,,2026-09-28,Hindari dulu,Tren harian dan mingguan masih turun,,,
ATIC,438.0,0.46,19.0,False,False,,35.6,2.64,37637740,0.82,Teknologi,Strong Sell,Sell,,2026-09-28,Hindari dulu,"Transaksi rata-rata di bawah Rp 500 juta/hari, terlalu sepi",,,
BATR,88.0,-2.22,19.0,False,False,,39.6,4.8,126578670,0.98,Barang Baku,Strong Sell,Sell,,2026-09-28,Hindari dulu,"Transaksi rata-rata di bawah Rp 500 juta/hari, terlalu sepi",,,
CASS,1780.0,-2.47,19.0,False,False,,34.9,1.91,391062950,0.24,Infrastruktur,Sell,Sell,,2026-09-28,Hindari dulu,"Transaksi rata-rata di bawah Rp 500 juta/hari, terlalu sepi",,,
ROTI,570.0,-1.72,19.0,False,False,,31.9,2.46,325253125,0.27,Konsumen Primer,Sell,Sell,,2026-09-28,Hindari dulu,"Transaksi rata-rata di bawah Rp 500 juta/hari, terlalu sepi",,,
COCO,102.0,0.0,18.2,False,False,,36.0,0.18,135268394720,2.81,Konsumen Primer,Sell,Sell,,2026-09-28,Hindari dulu,Tren harian dan mingguan masih turun,,,
DRMA,925.0,0.0,18.2,False,False,,31.8,0.89,823265975,0.33,Konsumen Non-Primer,Sell,Sell,,2026-09-28,Hindari dulu,Tren harian dan mingguan masih turun,,,
FORU,306.0,-15.0,18.2,False,False,,30.5,0.1,19180804613,1.03,Konsumen Non-Primer,Sell,Sell,,2026-09-28,Hindari dulu,Tren harian dan mingguan masih turun,,,
GEMA,80.0,-1.23,18.2,False,False,,34.3,0.12,926910480,0.72,Konsumen Non-Primer,Sell,Sell,,2026-09-28,Hindari dulu,Tren harian dan mingguan masih turun,,,
GTBO,133.0,0.0,18.2,False,False,,20.8,1.3,10433465,0.46,Energi,Sell,Sell,,2026-09-28,Hindari dulu,"Transaksi rata-rata di bawah Rp 500 juta/hari, terlalu sepi",,,
KEEN,835.0,0.0,18.2,False,False,,35.3,0.91,7592951450,0.88,Infrastruktur,Sell,Sell,,2026-09-28,Hindari dulu,Tren harian dan mingguan masih turun,,,
LAND,56.0,-13.85,18.2,False,False,,32.7,0.56,3236546385,1.87,Properti & Real Estat,Sell,Sell,,2026-09-28,Hindari dulu,Tren harian dan mingguan masih turun,,,
MPOW,100.0,0.0,18.2,False,False,,31.1,0.19,2217336725,0.92,Infrastruktur,Sell,Sell,,2026-09-28,Hindari dulu,Tren harian dan mingguan masih turun,,,
SIPD,800.0,-5.33,18.2,False,False,,38.2,0.74,26611875,0.69,Konsumen Primer,Sell,Sell,,2026-09-28,Hindari dulu,"Transaksi rata-rata di bawah Rp 500 juta/hari, terlalu sepi",,,
SMGA,79.0,-2.47,18.2,False,False,,38.3,0.34,1499049150,1.45,Barang Baku,Strong Sell,Sell,,2026-09-28,Hindari dulu,Tren harian dan mingguan masih turun,,,
WMUU,43.0,-14.0,18.2,False,False,,11.3,1.44,113202000,1.39,Konsumen Primer,Sell,Sell,,2026-09-28,Hindari dulu,"Transaksi rata-rata di bawah Rp 500 juta/hari, terlalu sepi",,,
ADMR,1525.0,0.0,17.5,False,False,,42.5,0.3,58447289850,1.13,Energi,Sell,Sell,,2026-09-28,Hindari dulu,Tren harian dan mingguan masih turun,,,
AEGS,45.0,-4.26,17.5,False,False,,41.9,0.38,312395940,1.29,Konsumen Non-Primer,Sell,Sell,,2026-09-28,Hindari dulu,"Transaksi rata-rata di bawah Rp 500 juta/hari, terlalu sepi",,,
AMMN,4530.0,-4.03,17.5,False,False,,46.8,0.64,410455330700,1.88,Barang Baku,Sell,Neutral,,2026-09-28,Pantau,"Tren harian melemah, mingguan masih bertahan",4430-4530,4230,4970
ANJT,1550.0,-2.52,17.5,False,False,,44.4,0.62,156047000,0.62,Konsumen Primer,Sell,Neutral,,2026-09-28,Hindari dulu,"Transaksi rata-rata di bawah Rp 500 juta/hari, terlalu sepi",,,
ANTM,3100.0,-4.02,17.5,False,False,,45.0,0.68,366947741900,1.2,Barang Baku,Strong Sell,Neutral,,2026-09-28,Pantau,"Tren harian melemah, mingguan masih bertahan",3040-3100,2930,3350
ARCI,1250.0,-3.85,17.5,False,False,,43.5,0.64,51998250875,1.45,Barang Baku,Sell,Neutral,,2026-09-28,Pantau,"Tren harian melemah, mingguan masih bertahan",1220-1250,1165,1380
AVIA,338.0,-1.74,17.5,False,False,,44.6,0.62,4615421440,0.62,Barang Baku,Strong Sell,Sell,,2026-09-28,Hindari dulu,Tren harian dan mingguan masih turun,,,
BCIC,131.0,-0.76,17.5,False,False,,47.5,0.34,110501475,1.04,Keuangan,Sell,Neutral,,2026-09-28,Hindari dulu,"Transaksi rata-rata di bawah Rp 500 juta/hari, terlalu sepi",,,
BELI,266.0,-1.48,17.5,False,False,,41.6,0.49,1287318570,0.54,Teknologi,Sell,Sell,,2026-09-28,Hindari dulu,Tren harian dan mingguan masih turun,,,
BGTG,111.0,-3.48,17.5,False,False,,41.9,0.26,1490911770,0.87,Keuangan,Sell,Neutral,,2026-09-28,Pantau,"Tren harian melemah, mingguan masih bertahan",108-111,103,123
BIPP,64.0,-14.67,17.5,False,False,,46.0,0.54,5379273230,1.71,Properti & Real Estat,Sell,Neutral,,2026-09-28,Pantau,"Tren harian melemah, mingguan masih bertahan",60-64,52,82
BISI,700.0,-0.71,17.5,False,False,,45.3,0.8,287659400,0.5,Konsumen Primer,Sell,Sell,,2026-09-28,Hindari dulu,"Transaksi rata-rata di bawah Rp 500 juta/hari, terlalu sepi",,,
BPII,456.0,-0.87,17.5,False,False,,44.0,0.11,7855780,0.21,Keuangan,Strong Sell,Sell,,2026-09-28,Hindari dulu,"Transaksi rata-rata di bawah Rp 500 juta/hari, terlalu sepi",,,
BRNA,625.0,-3.1,17.5,False,False,,45.6,0.48,351045275,0.01,Barang Baku,Sell,Sell,,2026-09-28,Hindari dulu,"Transaksi rata-rata di bawah Rp 500 juta/hari, terlalu sepi",,,
BTON,362.0,-0.55,17.5,False,False,,48.1,0.15,32524810,0.05,Barang Baku,Sell,Sell,,2026-09-28,Hindari dulu,"Transaksi rata-rata di bawah Rp 500 juta/hari, terlalu sepi",,,
BWPT,108.0,-3.57,17.5,False,False,,44.4,0.28,58545554710,1.75,Konsumen Primer,Neutral,Buy,,2026-09-28,Pantau,Belum ada arah yang jelas,103-108,95,128
CITA,3380.0,-1.46,17.5,False,False,,45.7,0.52,480651300,0.68,Barang Baku,Sell,Neutral,,2026-09-28,Hindari dulu,"Transaksi rata-rata di bawah Rp 500 juta/hari, terlalu sepi",,,
CLEO,406.0,-0.49,17.5,False,False,,47.3,0.58,5935322900,0.64,Konsumen Primer,Sell,Neutral,,2026-09-28,Pantau,"Tren harian melemah, mingguan masih bertahan",398-406,386,436
COIN,750.0,-7.41,17.5,False,False,,45.5,0.57,59323559650,2.54,Keuangan,Sell,Sell,,2026-09-28,Hindari dulu,Tren harian dan mingguan masih turun,,,
CPIN,2990.0,-0.66,17.5,False,False,,40.3,0.2,191406952200,0.5,Konsumen Primer,Sell,Sell,,2026-09-28,Hindari dulu,Tren harian dan mingguan masih turun,,,
CRAB,216.0,-2.7,17.5,False,False,,49.4,0.51,340299300,0.47,Konsumen Primer,Sell,Neutral,,2026-09-28,Hindari dulu,"Transaksi rata-rata di bawah Rp 500 juta/hari, terlalu sepi",,,
DGNS,246.0,-2.38,17.5,False,False,,43.2,0.67,694079570,0.6,Kesehatan,Sell,Neutral,,2026-09-28,Pantau,"Tren harian melemah, mingguan masih bertahan",236-246,216,290
DIVA,127.0,-4.51,17.5,False,False,,40.5,0.16,1341571930,1.59,Teknologi,Sell,Sell,,2026-09-28,Hindari dulu,Tren harian dan mingguan masih turun,,,
DKFT,640.0,-1.54,17.5,False,False,,41.4,0.45,4320110325,1.29,Barang Baku,Sell,Sell,,2026-09-28,Hindari dulu,Tren harian dan mingguan masih turun,,,
DMND,600.0,-0.83,17.5,False,False,,42.0,0.43,72175375,0.38,Konsumen Primer,Sell,Sell,,2026-09-28,Hindari dulu,"Transaksi rata-rata di bawah Rp 500 juta/hari, terlalu sepi",,,
DOSS,167.0,-2.34,17.5,False,False,,47.9,0.94,517017800,1.19,Konsumen Non-Primer,Neutral,Buy,,2026-09-28,Pantau,Belum ada arah yang jelas,162-167,152,190
DPUM,120.0,-6.98,17.5,False,False,,47.0,0.36,16299096485,0.94,Konsumen Primer,Sell,Buy,,2026-09-28,Pantau,"Tren harian melemah, mingguan masih bertahan",112-120,97,154
FITT,422.0,-1.86,17.5,False,False,,48.7,0.53,1286798320,1.24,Konsumen Non-Primer,Sell,Buy,,2026-09-28,Pantau,"Tren harian melemah, mingguan masih bertahan",402-422,364,510
FPNI,476.0,-4.8,17.5,False,False,,41.8,0.2,8782485900,1.73,Barang Baku,Sell,Buy,,2026-09-28,Pantau,"Tren harian melemah, mingguan masih bertahan",450-476,402,585
FUTR,268.0,0.0,17.5,False,False,,42.1,0.54,17006848540,2.61,Konsumen Non-Primer,Strong Sell,Sell,,2026-09-28,Hindari dulu,Tren harian dan mingguan masih turun,,,
GOLF,167.0,-2.91,17.5,False,False,,45.7,0.26,1204829885,1.06,Konsumen Non-Primer,Strong Sell,Sell,,2026-09-28,Hindari dulu,Tren harian dan mingguan masih turun,,,
GWSA,153.0,-3.16,17.5,False,False,,44.6,0.43,1239515060,0.9,Konsumen Non-Primer,Sell,Buy,,2026-09-28,Pantau,"Tren harian melemah, mingguan masih bertahan",147-153,137,177
IBOS,85.0,-5.56,17.5,False,False,,44.2,0.25,2638057455,1.32,Konsumen Primer,Sell,Sell,,2026-09-28,Hindari dulu,Tren harian dan mingguan masih turun,,,
IMAS,855.0,-1.16,17.5,False,False,,42.8,0.04,445604125,0.87,Konsumen Non-Primer,Strong Sell,Sell,,2026-09-28,Hindari dulu,"Transaksi rata-rata di bawah Rp 500 juta/hari, terlalu sepi",,,
IMJS,168.0,-4.0,17.5,False,False,,40.7,0.19,1798779565,1.37,Transportasi & Logistik,Sell,Sell,,2026-09-28,Hindari dulu,Tren harian dan mingguan masih turun,,,
INDY,2640.0,-1.86,17.5,False,False,,46.4,0.37,71699604750,1.13,Energi,Sell,Neutral,,2026-09-28,Pantau,"Tren harian melemah, mingguan masih bertahan",2560-2640,2420,2970
JECC,710.0,-4.7,17.5,False,False,,45.6,0.15,386531375,0.47,Perindustrian,Sell,Sell,,2026-09-28,Hindari dulu,"Transaksi rata-rata di bawah Rp 500 juta/hari, terlalu sepi",,,
LAPD,73.0,-3.95,17.5,False,False,,47.8,0.15,18194644590,1.31,Konsumen Primer,Sell,Neutral,,2026-09-28,Pantau,"Tren harian melemah, mingguan masih bertahan",69-73,61,91
LPPF,1575.0,-0.63,17.5,False,False,,45.0,0.5,3493676475,0.46,Konsumen Non-Primer,Strong Sell,Sell,,2026-09-28,Hindari dulu,Tren harian dan mingguan masih turun,,,
MEDS,71.0,-4.05,17.5,False,False,,41.4,0.21,20814504050,0.98,Kesehatan,Sell,Strong Sell,,2026-09-28,Hindari dulu,Tren harian dan mingguan masih turun,,,
MSTI,1340.0,-0.37,17.5,False,False,,47.6,0.48,2233065700,0.47,Teknologi,Sell,Neutral,,2026-09-28,Pantau,"Tren harian melemah, mingguan masih bertahan",1320-1340,1290,1410
NCKL,885.0,-2.21,17.5,False,False,,41.5,0.74,47101291375,1.17,Barang Baku,Sell,Sell,,2026-09-28,Hindari dulu,Tren harian dan mingguan masih turun,,,
NIRO,161.0,-1.23,17.5,False,False,,43.9,0.09,390036255,0.95,Properti & Real Estat,Sell,Sell,,2026-09-28,Hindari dulu,"Transaksi rata-rata di bawah Rp 500 juta/hari, terlalu sepi",,,
NZIA,146.0,-2.01,17.5,False,False,,40.8,0.08,10295878035,0.91,Properti & Real Estat,Sell,Neutral,,2026-09-28,Pantau,"Tren harian melemah, mingguan masih bertahan",136-146,118,187
OLIV,49.0,-7.55,17.5,False,False,,41.6,0.46,1667863370,0.49,Konsumen Non-Primer,Sell,Sell,,2026-09-28,Hindari dulu,Tren harian dan mingguan masih turun,,,
PGEO,1010.0,-0.98,17.5,False,False,,42.6,0.78,13908934250,0.9,Infrastruktur,Sell,Sell,,2026-09-28,Hindari dulu,Tren harian dan mingguan masih turun,,,
PGLI,210.0,-2.78,17.5,False,False,,50.0,0.24,307084500,0.67,Konsumen Non-Primer,Neutral,Strong Buy,,2026-09-28,Hindari dulu,"Transaksi rata-rata di bawah Rp 500 juta/hari, terlalu sepi",,,
POLU,15975.0,-1.39,17.5,False,False,,48.1,0.84,385947250,1.31,Konsumen Non-Primer,Sell,Buy,,2026-09-28,Hindari dulu,"Transaksi rata-rata di bawah Rp 500 juta/hari, terlalu sepi",,,
PPRI,145.0,-1.36,17.5,False,False,,40.6,0.13,3238686785,1.33,Barang Baku,Sell,Sell,,2026-09-28,Hindari dulu,Tren harian dan mingguan masih turun,,,
PSKT,230.0,-7.26,17.5,False,False,,47.7,0.81,4303550300,2.28,Konsumen Non-Primer,Sell,Buy,,2026-09-28,Pantau,"Tren harian melemah, mingguan masih bertahan",220-230,204,268
PTPS,154.0,0.0,17.5,False,False,,44.7,0.36,656441110,1.04,Konsumen Primer,Sell,Neutral,,2026-09-28,Pantau,"Tren harian melemah, mingguan masih bertahan",150-154,144,169
SAMF,304.0,-3.8,17.5,False,False,,47.0,0.27,117590240,0.38,Barang Baku,Sell,Sell,,2026-09-28,Hindari dulu,"Transaksi rata-rata di bawah Rp 500 juta/hari, terlalu sepi",,,
SBMA,107.0,-2.73,17.5,False,False,,43.6,0.72,285877970,0.73,Barang Baku,Sell,Sell,,2026-09-28,Hindari dulu,"Transaksi rata-rata di bawah Rp 500 juta/hari, terlalu sepi",,,
SMGR,1515.0,-4.11,17.5,False,False,,41.2,0.45,51997178700,0.98,Barang Baku,Sell,Sell,,2026-09-28,Hindari dulu,Tren harian dan mingguan masih turun,,,
SMKL,148.0,-0.67,17.5,False,False,,42.7,0.06,118559075,0.56,Barang Baku,Sell,Sell,,2026-09-28,Hindari dulu,"Transaksi rata-rata di bawah Rp 500 juta/hari, terlalu sepi",,,
SOFA,294.0,-3.29,17.5,False,False,,42.3,0.76,2151506570,1.58,Konsumen Non-Primer,Sell,Neutral,,2026-09-28,Pantau,"Tren harian melemah, mingguan masih bertahan",276-294,240,374
SSTM,432.0,-4.42,17.5,False,False,,44.1,0.14,333389250,1.51,Konsumen Non-Primer,Strong Sell,Sell,,2026-09-28,Hindari dulu,"Transaksi rata-rata di bawah Rp 500 juta/hari, terlalu sepi",,,
TBIG,1445.0,-1.37,17.5,False,False,,47.0,0.32,753224325,0.44,Infrastruktur,Sell,Sell,,2026-09-28,Hindari dulu,Tren harian dan mingguan masih turun,,,
TBMS,1210.0,-1.63,17.5,False,False,,47.6,0.26,42330525,0.73,Barang Baku,Sell,Neutral,,2026-09-28,Hindari dulu,"Transaksi rata-rata di bawah Rp 500 juta/hari, terlalu sepi",,,
TLDN,580.0,-0.85,17.5,False,False,,42.6,0.55,1077976725,0.78,Konsumen Primer,Sell,Neutral,,2026-09-28,Pantau,"Tren harian melemah, mingguan masih bertahan",565-580,545,635
TNCA,165.0,-0.6,17.5,False,False,,42.1,0.06,884944605,1.01,Transportasi & Logistik,Sell,Sell,,2026-09-28,Hindari dulu,Tren harian dan mingguan masih turun,,,
TRGU,162.0,-4.71,17.5,False,False,,40.3,0.79,82162910,0.09,Konsumen Primer,Sell,Sell,,2026-09-28,Hindari dulu,"Transaksi rata-rata di bawah Rp 500 juta/hari, terlalu sepi",,,
TRUE,51.0,-15.0,17.5,False,False,,43.9,0.17,18498865690,2.03,Properti & Real Estat,Sell,Sell,,2026-09-28,Hindari dulu,Tren harian dan mingguan masih turun,,,
UNVR,1635.0,0.31,17.5,False,False,,40.8,0.32,34124918150,0.55,Konsumen Primer,Neutral,Sell,,2026-09-28,Pantau,Belum ada arah yang jelas,1620-1635,1590,1700
VAST,109.0,-5.22,17.5,False,False,,41.1,0.42,2040596480,1.12,Properti & Real Estat,Sell,Sell,,2026-09-28,Hindari dulu,Tren harian dan mingguan masih turun,,,
WINE,128.0,0.79,17.5,False,False,,40.0,0.18,210849875,0.62,Konsumen Primer,Sell,Sell,,2026-09-28,Hindari dulu,"Transaksi rata-rata di bawah Rp 500 juta/hari, terlalu sepi",,,
WOMF,272.0,-1.45,17.5,False,False,,45.6,0.05,160742870,0.51,Keuangan,Sell,Sell,,2026-09-28,Hindari dulu,"Transaksi rata-rata di bawah Rp 500 juta/hari, terlalu sepi",,,
UNTD,74.0,-1.33,16.8,False,False,,30.6,1.19,1432203155,1.17,Konsumen Non-Primer,Sell,Strong Sell,,2026-09-28,Hindari dulu,Tren harian dan mingguan masih turun,,,
ACRO,49.0,-10.91,16.0,False,False,,22.3,0.6,1699805765,1.09,Konsumen Non-Primer,Sell,Sell,,2026-09-28,Hindari dulu,Tren harian dan mingguan masih turun,,,
BAIK,238.0,-4.8,16.0,False,False,,30.0,0.71,7161437640,0.3,Konsumen Non-Primer,Sell,Sell,,2026-09-28,Hindari dulu,Tren harian dan mingguan masih turun,,,
CHEM,53.0,-7.02,16.0,False,False,,29.9,0.91,1684645545,1.57,Barang Baku,Sell,Sell,,2026-09-28,Hindari dulu,Tren harian dan mingguan masih turun,,,
CHIP,690.0,0.73,16.0,False,False,,15.1,0.91,82814125,0.33,Teknologi,Sell,Sell,,2026-09-28,Hindari dulu,"Transaksi rata-rata di bawah Rp 500 juta/hari, terlalu sepi",,,
CTTH,100.0,-7.41,16.0,False,False,,27.8,0.63,2965908690,1.63,Perindustrian,Sell,Sell,,2026-09-28,Hindari dulu,Tren harian dan mingguan masih turun,,,
EMDE,64.0,-7.25,16.0,False,False,,28.6,0.44,1054065435,0.75,Properti & Real Estat,Sell,Sell,,2026-09-28,Hindari dulu,Tren harian dan mingguan masih turun,,,
HDFA,86.0,-4.44,16.0,False,False,,27.4,0.12,380103190,0.79,Keuangan,Sell,Sell,,2026-09-28,Hindari dulu,"Transaksi rata-rata di bawah Rp 500 juta/hari, terlalu sepi",,,
INDF,6650.0,-1.48,16.0,False,False,,27.1,0.91,43834916125,0.37,Konsumen Primer,Sell,Strong Sell,,2026-09-28,Hindari dulu,Tren harian dan mingguan masih turun,,,
INDO,168.0,-1.18,16.0,False,False,,29.0,0.65,5104409770,1.02,Properti & Real Estat,Sell,Sell,,2026-09-28,Hindari dulu,Tren harian dan mingguan masih turun,,,
INOV,127.0,-3.05,16.0,False,False,,25.6,0.38,477370625,1.46,Konsumen Non-Primer,Sell,Sell,,2026-09-28,Hindari dulu,"Transaksi rata-rata di bawah Rp 500 juta/hari, terlalu sepi",,,
ISEA,75.0,-2.6,16.0,False,False,,28.9,0.19,1486570710,1.12,Konsumen Primer,Sell,Sell,,2026-09-28,Hindari dulu,Tren harian dan mingguan masih turun,,,
KBLV,100.0,-2.91,16.0,False,False,,24.4,0.94,1338610025,2.22,Infrastruktur,Sell,Strong Sell,,2026-09-28,Hindari dulu,Tren harian dan mingguan masih turun,,,
KIOS,71.0,-11.25,16.0,False,False,,19.9,0.49,3150447870,2.04,Teknologi,Sell,Sell,,2026-09-28,Hindari dulu,Tren harian dan mingguan masih turun,,,
KRYA,46.0,-13.21,16.0,False,False,,19.1,0.29,3274465310,1.26,Infrastruktur,Sell,Sell,,2026-09-28,Hindari dulu,Tren harian dan mingguan masih turun,,,
LAJU,55.0,-12.7,16.0,False,False,,25.9,0.46,5243406170,1.68,Transportasi & Logistik,Sell,Sell,,2026-09-28,Hindari dulu,Tren harian dan mingguan masih turun,,,
NTBK,64.0,-5.88,16.0,False,False,,26.8,0.83,2264594040,1.59,Perindustrian,Sell,Strong Sell,,2026-09-28,Hindari dulu,Tren harian dan mingguan masih turun,,,
OKAS,100.0,-8.26,16.0,False,False,,25.9,0.98,471691730,1.39,Barang Baku,Sell,Sell,,2026-09-28,Hindari dulu,"Transaksi rata-rata di bawah Rp 500 juta/hari, terlalu sepi",,,
RAJA,655.0,-1.5,16.0,False,False,,24.5,0.68,51789473850,2.37,Energi,Sell,Sell,,2026-09-28,Hindari dulu,Tren harian dan mingguan masih turun,,,
RGAS,90.0,-5.26,16.0,False,False,,25.4,0.3,13181161730,0.63,Energi,Sell,Sell,,2026-09-28,Hindari dulu,Tren harian dan mingguan masih turun,,,
RMKO,258.0,-7.19,16.0,False,False,,28.5,0.67,3343833390,1.89,Energi,Sell,Sell,,2026-09-28,Hindari dulu,Tren harian dan mingguan masih turun,,,
RODA,45.0,-13.46,16.0,False,False,,27.3,0.2,2710395365,1.36,Properti & Real Estat,Sell,Sell,,2026-09-28,Hindari dulu,Tren harian dan mingguan masih turun,,,
SDMU,64.0,-5.88,16.0,False,False,,25.8,0.51,7808257020,1.74,Transportasi & Logistik,Sell,Sell,,2026-09-28,Hindari dulu,Tren harian dan mingguan masih turun,,,
VTNY,57.0,-13.64,16.0,False,False,,29.6,0.76,2128232645,1.13,Keuangan,Sell,Sell,,2026-09-28,Hindari dulu,Tren harian dan mingguan masih turun,,,
WTON,69.0,-4.17,16.0,False,False,,21.3,0.99,385225150,0.77,Barang Baku,Sell,Sell,,2026-09-28,Hindari dulu,"Transaksi rata-rata di bawah Rp 500 juta/hari, terlalu sepi",,,
ARKO,3450.0,-5.74,14.5,False,False,,25.0,1.5,17481904350,2.37,Infrastruktur,Sell,Sell,,2026-09-28,Hindari dulu,Tren harian dan mingguan masih turun,,,
ASDM,500.0,-0.99,14.5,False,False,,36.4,0.39,10550700,0.27,Keuangan,Sell,Sell,,2026-09-28,Hindari dulu,"Transaksi rata-rata di bawah Rp 500 juta/hari, terlalu sepi",,,
BACA,111.0,-1.77,14.5,False,False,,34.9,0.37,224200390,0.93,Keuangan,Sell,Sell,,2026-09-28,Hindari dulu,"Transaksi rata-rata di bawah Rp 500 juta/hari, terlalu sepi",,,
BBNI,3460.0,-1.14,14.5,False,False,,32.5,0.74,150549279950,0.75,Keuangan,Sell,Sell,,2026-09-28,Hindari dulu,Tren harian dan mingguan masih turun,,,
BBRM,101.0,-5.61,14.5,False,False,,31.4,0.3,1498327305,1.91,Energi,Sell,Sell,,2026-09-28,Hindari dulu,Tren harian dan mingguan masih turun,,,
BIRD,1575.0,0.32,14.5,False,False,,35.6,0.88,1094153275,0.52,Transportasi & Logistik,Sell,Sell,,2026-09-28,Hindari dulu,Tren harian dan mingguan masih turun,,,
BMAS,478.0,-2.45,14.5,False,False,,39.4,0.29,327805100,0.18,Keuangan,Sell,Sell,,2026-09-28,Hindari dulu,"Transaksi rata-rata di bawah Rp 500 juta/hari, terlalu sepi",,,
BMRI,4020.0,-1.47,14.5,False,False,,35.2,0.89,602186682650,0.88,Keuangan,Sell,Sell,,2026-09-28,Hindari dulu,Tren harian dan mingguan masih turun,,,
BRMS,620.0,-6.06,14.5,False,False,,37.4,0.48,223058609625,2.09,Barang Baku,Sell,Sell,,2026-09-28,Hindari dulu,Tren harian dan mingguan masih turun,,,
BSDE,550.0,-1.79,14.5,False,False,,30.0,0.59,19527482375,0.81,Properti & Real Estat,Sell,Sell,,2026-09-28,Hindari dulu,Tren harian dan mingguan masih turun,,,
BTPS,925.0,-3.65,14.5,False,False,,33.8,0.78,7958505950,0.5,Keuangan,Sell,Sell,,2026-09-28,Hindari dulu,Tren harian dan mingguan masih turun,,,
BUAH,482.0,-0.41,14.5,False,False,,27.1,1.08,156784000,0.19,Konsumen Primer,Sell,Sell,,2026-09-28,Hindari dulu,"Transaksi rata-rata di bawah Rp 500 juta/hari, terlalu sepi",,,
BUMI,180.0,-1.1,14.5,False,False,,39.0,0.45,680680292785,2.03,Energi,Sell,Neutral,,2026-09-28,Pantau,"Tren harian melemah, mingguan masih bertahan",175-180,165,202
CAMP,155.0,-8.28,14.5,False,False,,35.6,0.56,1535796040,0.68,Konsumen Primer,Sell,Sell,,2026-09-28,Hindari dulu,Tren harian dan mingguan masih turun,,,
CBDK,3410.0,-3.94,14.5,False,False,,32.5,0.66,11810212250,1.36,Properti & Real Estat,Sell,Sell,,2026-09-28,Hindari dulu,Tren harian dan mingguan masih turun,,,
CITY,154.0,-13.48,14.5,False,False,,31.8,0.44,394835000,1.89,Properti & Real Estat,Sell,Sell,,2026-09-28,Hindari dulu,"Transaksi rata-rata di bawah Rp 500 juta/hari, terlalu sepi",,,
CTRA,555.0,-2.63,14.5,False,False,,33.3,0.84,6972851700,0.78,Properti & Real Estat,Sell,Sell,,2026-09-28,Hindari dulu,Tren harian dan mingguan masih turun,,,
DART,145.0,-2.03,14.5,False,False,,36.0,0.1,286293120,0.69,Properti & Real Estat,Sell,Sell,,2026-09-28,Hindari dulu,"Transaksi rata-rata di bawah Rp 500 juta/hari, terlalu sepi",,,
DGWG,314.0,-1.26,14.5,False,False,,38.3,0.95,3381100220,0.71,Barang Baku,Sell,Sell,,2026-09-28,Hindari dulu,Tren harian dan mingguan masih turun,,,
DLTA,1770.0,-0.56,14.5,False,False,,35.7,0.65,101614825,0.23,Konsumen Primer,Sell,Sell,,2026-09-28,Hindari dulu,"Transaksi rata-rata di bawah Rp 500 juta/hari, terlalu sepi",,,
DMMX,168.0,-6.15,14.5,False,False,,30.7,0.46,322625130,1.14,Teknologi,Sell,Sell,,2026-09-28,Hindari dulu,"Transaksi rata-rata di bawah Rp 500 juta/hari, terlalu sepi",,,
DOID,204.0,-4.67,14.5,False,False,,33.3,0.89,1278895320,0.86,Energi,Sell,Sell,,2026-09-28,Hindari dulu,Tren harian dan mingguan masih turun,,,
DWGL,206.0,-4.63,14.5,False,False,,30.7,0.32,2650914240,0.5,Energi,Sell,Sell,,2026-09-28,Hindari dulu,Tren harian dan mingguan masih turun,,,
ESSA,570.0,-1.72,14.5,False,False,,33.8,0.5,78931673000,0.91,Barang Baku,Sell,Strong Sell,,2026-09-28,Hindari dulu,Tren harian dan mingguan masih turun,,,
EXCL,2310.0,-0.86,14.5,False,False,,29.0,1.16,18752194800,1.32,Infrastruktur,Sell,Sell,,2026-09-28,Hindari dulu,Tren harian dan mingguan masih turun,,,
FIRE,106.0,-1.85,14.5,False,False,,38.3,0.3,3907868840,1.9,Energi,Sell,Sell,,2026-09-28,Hindari dulu,Tren harian dan mingguan masih turun,,,
GSMF,86.0,-4.44,14.5,False,False,,38.4,0.11,4313133170,1.17,Keuangan,Sell,Sell,,2026-09-28,Hindari dulu,Tren harian dan mingguan masih turun,,,
GZCO,169.0,-2.87,14.5,False,False,,39.7,0.23,8560753425,1.65,Konsumen Primer,Sell,Neutral,,2026-09-28,Pantau,"Tren harian melemah, mingguan masih bertahan",163-169,153,193
HAJJ,102.0,-4.67,14.5,False,False,,38.5,0.4,872312345,0.9,Konsumen Non-Primer,Sell,Sell,,2026-09-28,Hindari dulu,Tren harian dan mingguan masih turun,,,
HALO,62.0,0.0,14.5,False,False,,35.7,0.13,3280901365,1.02,Kesehatan,Sell,Sell,,2026-09-28,Hindari dulu,Tren harian dan mingguan masih turun,,,
HEAL,630.0,1.61,14.5,False,False,,32.8,0.27,16473162800,0.42,Kesehatan,Sell,Sell,,2026-09-28,Hindari dulu,Tren harian dan mingguan masih turun,,,
INKP,7975.0,-3.04,14.5,False,False,,34.4,0.91,42904201625,1.12,Barang Baku,Sell,Sell,,2026-09-28,Hindari dulu,Tren harian dan mingguan masih turun,,,
INPC,141.0,-4.73,14.5,False,False,,36.2,0.23,3607448090,1.62,Keuangan,Sell,Sell,,2026-09-28,Hindari dulu,Tren harian dan mingguan masih turun,,,
INPP,695.0,-2.11,14.5,False,False,,34.6,0.23,54151400,0.29,Properti & Real Estat,Strong Sell,Strong Sell,,2026-09-28,Hindari dulu,"Transaksi rata-rata di bawah Rp 500 juta/hari, terlalu sepi",,,
INTP,4960.0,-2.27,14.5,False,False,,37.8,0.79,6315946375,0.48,Barang Baku,Sell,Sell,,2026-09-28,Hindari dulu,Tren harian dan mingguan masih turun,,,
IPCC,1085.0,0.46,14.5,False,False,,32.9,0.49,904438575,0.65,Infrastruktur,Sell,Sell,,2026-09-28,Hindari dulu,Tren harian dan mingguan masih turun,,,
ISSP,394.0,-1.01,14.5,False,False,,31.8,0.19,1419096720,0.54,Barang Baku,Sell,Sell,,2026-09-28,Hindari dulu,Tren harian dan mingguan masih turun,,,
JAST,79.0,-3.66,14.5,False,False,,36.4,0.43,1606732375,1.0,Infrastruktur,Sell,Sell,,2026-09-28,Hindari dulu,Tren harian dan mingguan masih turun,,,
JPFA,2070.0,-2.82,14.5,False,False,,34.2,0.83,30746692600,0.8,Konsumen Primer,Sell,Sell,,2026-09-28,Hindari dulu,Tren harian dan mingguan masih turun,,,
JSMR,2690.0,-1.1,14.5,False,False,,34.5,0.48,9249788050,0.53,Infrastruktur,Sell,Sell,,2026-09-28,Hindari dulu,Tren harian dan mingguan masih turun,,,
JSPT,1345.0,-3.24,14.5,False,False,,39.0,0.31,59925025,1.03,Konsumen Non-Primer,Sell,Sell,,2026-09-28,Hindari dulu,"Transaksi rata-rata di bawah Rp 500 juta/hari, terlalu sepi",,,
KOCI,100.0,-1.96,14.5,False,False,,37.0,0.22,5830886020,1.57,Properti & Real Estat,Sell,Sell,,2026-09-28,Hindari dulu,Tren harian dan mingguan masih turun,,,
KOKA,149.0,-4.49,14.5,False,False,,33.0,0.47,4879766465,1.87,Infrastruktur,Sell,Sell,,2026-09-28,Hindari dulu,Tren harian dan mingguan masih turun,,,
KRAS,214.0,-4.46,14.5,False,False,,38.6,0.82,1322344370,1.19,Barang Baku,Sell,Sell,,2026-09-28,Hindari dulu,Tren harian dan mingguan masih turun,,,
LABA,100.0,-6.54,14.5,False,False,,37.6,0.15,7768036890,1.71,Perindustrian,Sell,Sell,,2026-09-28,Hindari dulu,Tren harian dan mingguan masih turun,,,
LEAD,95.0,-5.0,14.5,False,False,,37.2,0.26,4557167725,2.1,Energi,Sell,Sell,,2026-09-28,Hindari dulu,Tren harian dan mingguan masih turun,,,
LION,344.0,-6.01,14.5,False,False,,38.9,0.08,132732270,0.65,Perindustrian,Sell,Sell,,2026-09-28,Hindari dulu,"Transaksi rata-rata di bawah Rp 500 juta/hari, terlalu sepi",,,
LUCY,258.0,-9.79,14.5,False,False,,32.7,0.06,54060063830,0.92,Konsumen Non-Primer,Sell,Sell,,2026-09-28,Hindari dulu,Tren harian dan mingguan masih turun,,,
MAHA,137.0,-2.14,14.5,False,False,,34.1,0.52,2386496710,0.7,Energi,Sell,Sell,,2026-09-28,Hindari dulu,Tren harian dan mingguan masih turun,,,
MCAS,220.0,-9.09,14.5,False,False,,30.7,0.57,568965890,0.76,Teknologi,Sell,Sell,,2026-09-28,Hindari dulu,Tren harian dan mingguan masih turun,,,
MIKA,1675.0,-2.62,14.5,False,False,,31.9,0.42,6999397500,0.44,Kesehatan,Sell,Sell,,2026-09-28,Hindari dulu,Tren harian dan mingguan masih turun,,,
MLPL,72.0,-4.0,14.5,False,False,,19.9,1.3,1686508585,1.54,Konsumen Primer,Sell,Sell,,2026-09-28,Hindari dulu,Tren harian dan mingguan masih turun,,,
MLPT,965.0,-3.98,14.5,False,False,,30.5,0.56,3127950850,1.97,Teknologi,Sell,Sell,,2026-09-28,Hindari dulu,Tren harian dan mingguan masih turun,,,
MTEL,454.0,-2.58,14.5,False,False,,38.7,0.39,15807448080,0.12,Infrastruktur,Sell,Sell,,2026-09-28,Hindari dulu,Tren harian dan mingguan masih turun,,,
MYOH,1015.0,-0.98,14.5,False,False,,36.2,0.88,192437700,0.35,Energi,Sell,Sell,,2026-09-28,Hindari dulu,"Transaksi rata-rata di bawah Rp 500 juta/hari, terlalu sepi",,,
NELY,193.0,-1.03,14.5,False,False,,34.0,0.83,376375355,1.05,Transportasi & Logistik,Sell,Sell,,2026-09-28,Hindari dulu,"Transaksi rata-rata di bawah Rp 500 juta/hari, terlalu sepi",,,
NIKL,187.0,-4.1,14.5,False,False,,37.0,0.37,3293820080,1.74,Barang Baku,Sell,Sell,,2026-09-28,Hindari dulu,Tren harian dan mingguan masih turun,,,
NSSS,685.0,-4.86,14.5,False,False,,34.2,0.66,4349749000,1.52,Konsumen Primer,Sell,Sell,,2026-09-28,Hindari dulu,Tren harian dan mingguan masih turun,,,
PICO,156.0,-5.45,14.5,False,False,,39.5,0.19,866820450,1.28,Barang Baku,Sell,Neutral,,2026-09-28,Pantau,"Tren harian melemah, mingguan masih bertahan",150-156,139,181
PSDN,112.0,-9.68,14.5,False,False,,33.5,0.42,1376860965,0.46,Konsumen Primer,Sell,Strong Sell,,2026-09-28,Hindari dulu,Tren harian dan mingguan masih turun,,,
PTPP,179.0,-5.29,14.5,False,False,,28.5,1.01,1692654150,0.95,Infrastruktur,Sell,Sell,,2026-09-28,Hindari dulu,Tren harian dan mingguan masih turun,,,
PURI,141.0,-2.08,14.5,False,False,,36.5,0.17,1835268345,1.1,Properti & Real Estat,Sell,Sell,,2026-09-28,Hindari dulu,Tren harian dan mingguan masih turun,,,
PZZA,178.0,-0.56,14.5,False,False,,38.4,0.07,648656740,0.54,Konsumen Non-Primer,Sell,Sell,,2026-09-28,Hindari dulu,Tren harian dan mingguan masih turun,,,
RIGS,625.0,0.0,14.5,False,False,,38.9,0.09,421381225,0.36,Energi,Sell,Sell,,2026-09-28,Hindari dulu,"Transaksi rata-rata di bawah Rp 500 juta/hari, terlalu sepi",,,
RUNS,62.0,-3.12,14.5,False,False,,37.3,0.27,257237070,0.57,Teknologi,Sell,Sell,,2026-09-28,Hindari dulu,"Transaksi rata-rata di bawah Rp 500 juta/hari, terlalu sepi",,,
SAME,288.0,-1.37,14.5,False,False,,38.9,0.19,329831110,0.48,Kesehatan,Sell,Sell,,2026-09-28,Hindari dulu,"Transaksi rata-rata di bawah Rp 500 juta/hari, terlalu sepi",,,
SGRO,4210.0,-4.75,14.5,False,False,,30.5,0.15,265022825,0.83,Konsumen Primer,Sell,Neutral,,2026-09-28,Hindari dulu,"Transaksi rata-rata di bawah Rp 500 juta/hari, terlalu sepi",,,
SICO,108.0,-1.82,14.5,False,False,,38.4,0.51,420773325,0.55,Energi,Strong Sell,Sell,,2026-09-28,Hindari dulu,"Transaksi rata-rata di bawah Rp 500 juta/hari, terlalu sepi",,,
SILO,1975.0,1.54,14.5,False,False,,39.2,0.69,3211417700,-0.16,Kesehatan,Sell,Sell,,2026-09-28,Hindari dulu,Tren harian dan mingguan masih turun,,,
SIMP,570.0,-0.87,14.5,False,False,,35.1,0.61,9212619600,0.95,Konsumen Primer,Sell,Sell,,2026-09-28,Hindari dulu,Tren harian dan mingguan masih turun,,,
SLIS,70.0,-2.78,14.5,False,False,,34.3,0.25,6109035580,1.71,Konsumen Non-Primer,Sell,Sell,,2026-09-28,Hindari dulu,Tren harian dan mingguan masih turun,,,
SMBR,147.0,-4.55,14.5,False,False,,31.5,0.23,3687249085,1.22,Barang Baku,Sell,Sell,,2026-09-28,Hindari dulu,Tren harian dan mingguan masih turun,,,
SOLA,70.0,-4.11,14.5,False,False,,18.7,1.03,594384610,1.39,Barang Baku,Sell,Sell,,2026-09-28,Hindari dulu,Tren harian dan mingguan masih turun,,,
STAR,330.0,-11.76,14.5,False,False,,38.7,0.18,188290730,0.54,Keuangan,Sell,Neutral,,2026-09-28,Hindari dulu,"Transaksi rata-rata di bawah Rp 500 juta/hari, terlalu sepi",,,
TBLA,595.0,-2.46,14.5,False,False,,29.1,1.06,1342768425,0.68,Konsumen Primer,Sell,Sell,,2026-09-28,Hindari dulu,Tren harian dan mingguan masih turun,,,
TLKM,2370.0,-1.66,14.5,False,False,,27.5,1.13,300473345250,0.98,Infrastruktur,Sell,Sell,,2026-09-28,Hindari dulu,Tren harian dan mingguan masih turun,,,
TOBA,482.0,-2.82,14.5,False,False,,37.8,0.64,6900272900,2.03,Energi,Sell,Sell,,2026-09-28,Hindari dulu,Tren harian dan mingguan masih turun,,,
TRIN,238.0,-14.39,14.5,False,False,,31.2,0.89,21270745870,1.83,Properti & Real Estat,Sell,Sell,,2026-09-28,Hindari dulu,Tren harian dan mingguan masih turun,,,
TRIS,169.0,-2.31,14.5,False,False,,39.6,0.34,230080420,0.78,Konsumen Non-Primer,Strong Sell,Sell,,2026-09-28,Hindari dulu,"Transaksi rata-rata di bawah Rp 500 juta/hari, terlalu sepi",,,
TRON,75.0,-14.77,14.5,False,False,,21.4,1.1,2871707170,2.48,Teknologi,Sell,Sell,,2026-09-28,Hindari dulu,Tren harian dan mingguan masih turun,,,
WEHA,101.0,-4.72,14.5,False,False,,34.2,0.25,1162519540,0.66,Transportasi & Logistik,Sell,Sell,,2026-09-28,Hindari dulu,Tren harian dan mingguan masih turun,,,
WIRG,58.0,-4.92,14.5,False,False,,33.0,0.64,19790635150,1.45,Teknologi,Sell,Sell,,2026-09-28,Hindari dulu,Tren harian dan mingguan masih turun,,,
WOWS,44.0,-12.0,14.5,False,False,,22.3,1.13,2311553455,1.33,Energi,Sell,Sell,,2026-09-28,Hindari dulu,Tren harian dan mingguan masih turun,,,
EAST,89.0,0.0,13.8,False,False,,43.6,0.72,127232980,0.3,Konsumen Non-Primer,Strong Sell,Sell,,2026-09-28,Hindari dulu,"Transaksi rata-rata di bawah Rp 500 juta/hari, terlalu sepi",,,
IKPM,179.0,-0.56,13.8,False,False,,42.1,0.5,96193745,0.65,Kesehatan,Strong Sell,Sell,,2026-09-28,Hindari dulu,"Transaksi rata-rata di bawah Rp 500 juta/hari, terlalu sepi",,,
KMDS,520.0,0.0,13.8,False,False,,45.0,0.62,72375300,0.38,Konsumen Primer,Sell,Sell,,2026-09-28,Hindari dulu,"Transaksi rata-rata di bawah Rp 500 juta/hari, terlalu sepi",,,
KOPI,197.0,0.0,13.8,False,False,,41.5,0.08,827637660,0.9,Energi,Sell,Sell,,2026-09-28,Hindari dulu,Tren harian dan mingguan masih turun,,,
MCOL,3590.0,-2.45,13.8,False,False,,43.1,0.55,127915250,0.08,Energi,Strong Sell,Strong Sell,,2026-09-28,Hindari dulu,"Transaksi rata-rata di bawah Rp 500 juta/hari, terlalu sepi",,,
RAAM,173.0,2.37,13.8,False,False,,41.3,0.53,676284885,1.42,Konsumen Non-Primer,Sell,Sell,,2026-09-28,Hindari dulu,Tren harian dan mingguan masih turun,,,
INCO,4400.0,-5.98,13.0,False,False,,34.7,1.21,80088242200,1.41,Barang Baku,Sell,Sell,,2026-09-28,Hindari dulu,Tren harian dan mingguan masih turun,,,
MCOR,65.0,-1.52,13.0,False,False,,31.1,1.31,349834870,0.53,Keuangan,Sell,Strong Sell,,2026-09-28,Hindari dulu,"Transaksi rata-rata di bawah Rp 500 juta/hari, terlalu sepi",,,
PANR,402.0,-1.95,13.0,False,False,,32.6,1.08,28510570,0.41,Konsumen Non-Primer,Sell,Sell,,2026-09-28,Hindari dulu,"Transaksi rata-rata di bawah Rp 500 juta/hari, terlalu sepi",,,
RMKE,362.0,-4.74,13.0,False,False,,30.4,1.24,31853378140,1.36,Energi,Sell,Sell,,2026-09-28,Hindari dulu,Tren harian dan mingguan masih turun,,,
APIC,400.0,0.0,12.2,False,False,,28.8,0.32,1951325680,0.97,Keuangan,Sell,Sell,,2026-09-28,Hindari dulu,Tren harian dan mingguan masih turun,,,
ASHA,43.0,-14.0,12.2,False,False,,22.6,0.21,1653970905,1.35,Konsumen Primer,Sell,Sell,,2026-09-28,Hindari dulu,Tren harian dan mingguan masih turun,,,
BNBR,73.0,-2.67,12.2,False,False,,22.5,0.95,87439584125,2.41,Perindustrian,Sell,Sell,,2026-09-28,Hindari dulu,Tren harian dan mingguan masih turun,,,
HDIT,43.0,-14.0,12.2,False,False,,6.2,0.05,916949750,0.92,Teknologi,Sell,Sell,,2026-09-28,Hindari dulu,Tren harian dan mingguan masih turun,,,
HOKI,43.0,-14.0,12.2,False,False,,20.1,0.35,2782205310,0.76,Konsumen Primer,Sell,Sell,,2026-09-28,Hindari dulu,Tren harian dan mingguan masih turun,,,
IPCM,284.0,0.0,12.2,False,False,,28.4,0.4,489247940,0.43,Infrastruktur,Sell,Sell,,2026-09-28,Hindari dulu,"Transaksi rata-rata di bawah Rp 500 juta/hari, terlalu sepi",,,
KPIG,43.0,-14.0,12.2,False,False,,24.3,0.06,55253254840,1.2,Konsumen Non-Primer,Sell,Sell,,2026-09-28,Hindari dulu,Tren harian dan mingguan masih turun,,,
STRK,46.0,-13.21,12.2,False,False,,23.4,0.63,919983400,1.72,Konsumen Primer,Sell,Sell,,2026-09-28,Hindari dulu,Tren harian dan mingguan masih turun,,,
WEGE,43.0,-14.0,12.2,False,False,,18.5,0.77,691649660,0.37,Infrastruktur,Sell,Sell,,2026-09-28,Hindari dulu,Tren harian dan mingguan masih turun,,,
ARTA,2070.0,0.0,10.8,False,False,,38.0,0.07,16755100,0.83,Konsumen Non-Primer,Sell,Sell,,2026-09-28,Hindari dulu,"Transaksi rata-rata di bawah Rp 500 juta/hari, terlalu sepi",,,
BJBR,755.0,0.0,10.8,False,False,,33.0,0.52,5924005475,0.39,Keuangan,Sell,Sell,,2026-09-28,Hindari dulu,Tren harian dan mingguan masih turun,,,
CMRY,4370.0,0.0,10.8,False,False,,39.9,0.3,17749069400,0.46,Konsumen Primer,Sell,Sell,,2026-09-28,Hindari dulu,Tren harian dan mingguan masih turun,,,
CSRA,705.0,0.71,10.8,False,False,,30.8,0.23,327324425,0.65,Konsumen Primer,Strong Sell,Sell,,2026-09-28,Hindari dulu,"Transaksi rata-rata di bawah Rp 500 juta/hari, terlalu sepi",,,
ICBP,6650.0,0.0,10.8,False,False,,34.5,0.61,42455372375,0.53,Konsumen Primer,Sell,Sell,,2026-09-28,Hindari dulu,Tren harian dan mingguan masih turun,,,
INDS,242.0,0.83,10.8,False,False,,31.7,0.61,328159210,1.16,Konsumen Non-Primer,Sell,Sell,,2026-09-28,Hindari dulu,"Transaksi rata-rata di bawah Rp 500 juta/hari, terlalu sepi",,,
MANG,36.0,0.0,10.8,False,False,,36.4,0.55,829380445,0.75,Infrastruktur,Sell,Sell,,2026-09-28,Hindari dulu,Tren harian dan mingguan masih turun,,,
SKBM,498.0,0.0,10.8,False,False,,31.6,0.37,152981740,0.74,Konsumen Primer,Sell,Sell,,2026-09-28,Hindari dulu,"Transaksi rata-rata di bawah Rp 500 juta/hari, terlalu sepi",,,
BYAN,11950.0,-1.24,10.0,False,False,,44.7,0.74,37882096000,0.51,Energi,Sell,Sell,,2026-09-28,Hindari dulu,Tren harian dan mingguan masih turun,,,
CMNT,740.0,-1.33,10.0,False,False,,42.0,0.33,17028430075,0.16,Barang Baku,Sell,Sell,,2026-09-28,Hindari dulu,Tren harian dan mingguan masih turun,,,
CYBR,505.0,-2.88,10.0,False,False,,40.1,0.35,14644812275,0.56,Teknologi,Sell,Sell,,2026-09-28,Hindari dulu,Tren harian dan mingguan masih turun,,,
MBMA,496.0,-0.8,10.0,False,False,,43.6,0.46,73390143025,1.57,Barang Baku,Sell,Sell,,2026-09-28,Hindari dulu,Tren harian dan mingguan masih turun,,,
PBSA,770.0,-4.94,10.0,False,False,,47.6,0.77,1461550125,1.49,Infrastruktur,Sell,Sell,,2026-09-28,Hindari dulu,Tren harian dan mingguan masih turun,,,
PSGO,191.0,-1.55,10.0,False,False,,40.7,0.38,88840220,0.31,Konsumen Primer,Strong Sell,Sell,,2026-09-28,Hindari dulu,"Transaksi rata-rata di bawah Rp 500 juta/hari, terlalu sepi",,,
SIDO,348.0,-0.57,10.0,False,False,,42.7,0.7,8309144270,0.44,Kesehatan,Sell,Sell,,2026-09-28,Hindari dulu,Tren harian dan mingguan masih turun,,,
WIIM,1515.0,-1.94,10.0,False,False,,43.4,0.56,5052014850,1.0,Konsumen Primer,Sell,Sell,,2026-09-28,Hindari dulu,Tren harian dan mingguan masih turun,,,
AGRS,55.0,-3.51,8.5,False,False,,28.1,0.92,502932335,0.82,Keuangan,Sell,Sell,,2026-09-28,Hindari dulu,Tren harian dan mingguan masih turun,,,
ARTO,830.0,-2.35,8.5,False,False,,26.8,0.26,26720977975,1.34,Keuangan,Sell,Sell,,2026-09-28,Hindari dulu,Tren harian dan mingguan masih turun,,,
BANK,228.0,-2.56,8.5,False,False,,19.2,0.21,2064603860,0.92,Keuangan,Sell,Sell,,2026-09-28,Hindari dulu,Tren harian dan mingguan masih turun,,,
BAPA,103.0,-4.63,8.5,False,False,,28.9,0.31,3750381175,0.82,Properti & Real Estat,Sell,Sell,,2026-09-28,Hindari dulu,Tren harian dan mingguan masih turun,,,
BBHI,790.0,-3.66,8.5,False,False,,13.2,0.01,12413644800,0.76,Keuangan,Sell,Sell,,2026-09-28,Hindari dulu,Tren harian dan mingguan masih turun,,,
BBTN,1085.0,-1.81,8.5,False,False,,28.2,0.74,19982745350,0.97,Keuangan,Sell,Sell,,2026-09-28,Hindari dulu,Tren harian dan mingguan masih turun,,,
BBYB,199.0,-3.4,8.5,False,False,,25.5,0.89,13932578130,1.63,Keuangan,Sell,Sell,,2026-09-28,Hindari dulu,Tren harian dan mingguan masih turun,,,
BEER,58.0,-10.77,8.5,False,False,,18.8,0.67,1742279175,1.06,Konsumen Primer,Sell,Sell,,2026-09-28,Hindari dulu,Tren harian dan mingguan masih turun,,,
BELL,91.0,-3.19,8.5,False,False,,28.5,0.18,7378344770,1.49,Konsumen Non-Primer,Sell,Sell,,2026-09-28,Hindari dulu,Tren harian dan mingguan masih turun,,,
BESS,740.0,-10.84,8.5,False,False,,25.8,0.39,287146125,0.76,Energi,Sell,Sell,,2026-09-28,Hindari dulu,"Transaksi rata-rata di bawah Rp 500 juta/hari, terlalu sepi",,,
BNLI,1980.0,-1.0,8.5,False,False,,21.9,0.26,128386300,1.03,Keuangan,Sell,Sell,,2026-09-28,Hindari dulu,"Transaksi rata-rata di bawah Rp 500 juta/hari, terlalu sepi",,,
BOBA,191.0,-2.05,8.5,False,False,,26.9,0.27,248727175,0.04,Konsumen Primer,Sell,Sell,,2026-09-28,Hindari dulu,"Transaksi rata-rata di bawah Rp 500 juta/hari, terlalu sepi",,,
BRIS,1510.0,0.0,8.5,False,False,,21.7,0.95,36503164175,0.86,Keuangan,Sell,Sell,,2026-09-28,Hindari dulu,Tren harian dan mingguan masih turun,,,
BRPT,1475.0,-2.32,8.5,False,False,,27.5,0.73,110125160300,2.36,Barang Baku,Sell,Strong Sell,,2026-09-28,Hindari dulu,Tren harian dan mingguan masih turun,,,
BUVA,600.0,-3.23,8.5,False,False,,29.1,0.66,57902078850,2.87,Konsumen Non-Primer,Sell,Sell,,2026-09-28,Hindari dulu,Tren harian dan mingguan masih turun,,,
CARE,370.0,-2.12,8.5,False,False,,21.9,0.01,25584555370,0.53,Kesehatan,Sell,Sell,,2026-09-28,Hindari dulu,Tren harian dan mingguan masih turun,,,
DATA,1560.0,-2.5,8.5,False,False,,26.8,0.69,4183125200,1.34,Infrastruktur,Sell,Sell,,2026-09-28,Hindari dulu,Tren harian dan mingguan masih turun,,,
EMTK,408.0,-2.86,8.5,False,False,,22.9,0.83,20219721410,1.54,Teknologi,Sell,Sell,,2026-09-28,Hindari dulu,Tren harian dan mingguan masih turun,,,
ENAK,189.0,-3.08,8.5,False,False,,18.3,0.19,220038680,0.63,Konsumen Non-Primer,Sell,Sell,,2026-09-28,Hindari dulu,"Transaksi rata-rata di bawah Rp 500 juta/hari, terlalu sepi",,,
ERTX,160.0,-5.33,8.5,False,False,,27.3,0.44,345786670,1.45,Konsumen Non-Primer,Sell,Sell,,2026-09-28,Hindari dulu,"Transaksi rata-rata di bawah Rp 500 juta/hari, terlalu sepi",,,
ESTA,139.0,-9.74,8.5,False,False,,25.1,0.29,1182789595,1.11,Konsumen Non-Primer,Sell,Sell,,2026-09-28,Hindari dulu,Tren harian dan mingguan masih turun,,,
FWCT,70.0,-9.09,8.5,False,False,,23.0,0.95,789338545,1.11,Barang Baku,Sell,Sell,,2026-09-28,Hindari dulu,Tren harian dan mingguan masih turun,,,
GMTD,1050.0,-5.83,8.5,False,False,,24.3,0.87,61015975,0.58,Properti & Real Estat,Sell,Sell,,2026-09-28,Hindari dulu,"Transaksi rata-rata di bawah Rp 500 juta/hari, terlalu sepi",,,
GPSO,216.0,-4.42,8.5,False,False,,20.3,0.56,8744712870,0.91,Perindustrian,Sell,Sell,,2026-09-28,Hindari dulu,Tren harian dan mingguan masih turun,,,
HMSP,635.0,0.0,8.5,False,False,,24.0,0.81,15068887850,0.71,Konsumen Primer,Sell,Sell,,2026-09-28,Hindari dulu,Tren harian dan mingguan masih turun,,,
INAI,145.0,-8.23,8.5,False,False,,24.7,0.32,672097445,0.31,Barang Baku,Sell,Strong Sell,,2026-09-28,Hindari dulu,Tren harian dan mingguan masih turun,,,
ITIC,199.0,-1.49,8.5,False,False,,24.8,0.27,83895650,1.1,Konsumen Primer,Sell,Sell,,2026-09-28,Hindari dulu,"Transaksi rata-rata di bawah Rp 500 juta/hari, terlalu sepi",,,
LIVE,151.0,-6.21,8.5,False,False,,19.3,0.96,709851090,0.99,Konsumen Non-Primer,Sell,Sell,,2026-09-28,Hindari dulu,Tren harian dan mingguan masih turun,,,
LPLI,214.0,-4.46,8.5,False,False,,23.9,0.71,52851610,0.63,Properti & Real Estat,Sell,Sell,,2026-09-28,Hindari dulu,"Transaksi rata-rata di bawah Rp 500 juta/hari, terlalu sepi",,,
MHKI,117.0,-3.31,8.5,False,False,,27.8,0.54,556565005,2.21,Perindustrian,Sell,Sell,,2026-09-28,Hindari dulu,Tren harian dan mingguan masih turun,,,
MORA,4550.0,-5.01,8.5,False,False,,29.2,1.0,1230181000,1.78,Infrastruktur,Sell,Sell,,2026-09-28,Hindari dulu,Tren harian dan mingguan masih turun,,,
MSIN,176.0,-12.0,8.5,False,False,,11.6,0.89,20610872650,0.75,Konsumen Non-Primer,Sell,Sell,,2026-09-28,Hindari dulu,Tren harian dan mingguan masih turun,,,
MYOR,1405.0,-2.09,8.5,False,False,,24.3,0.45,29374276775,0.35,Konsumen Primer,Sell,Sell,,2026-09-28,Hindari dulu,Tren harian dan mingguan masih turun,,,
NICL,400.0,-3.85,8.5,False,False,,26.4,0.53,21425519655,1.77,Barang Baku,Sell,Sell,,2026-09-28,Hindari dulu,Tren harian dan mingguan masih turun,,,
OASA,246.0,-5.38,8.5,False,False,,27.8,0.44,8381403470,2.36,Infrastruktur,Sell,Sell,,2026-09-28,Hindari dulu,Tren harian dan mingguan masih turun,,,
OPMS,89.0,-4.3,8.5,False,False,,21.4,0.83,551524460,1.79,Barang Baku,Sell,Sell,,2026-09-28,Hindari dulu,Tren harian dan mingguan masih turun,,,
PADI,43.0,-14.0,8.5,False,False,,18.0,0.38,17686945085,2.4,Keuangan,Sell,Sell,,2026-09-28,Hindari dulu,Tren harian dan mingguan masih turun,,,
PANI,4740.0,-2.07,8.5,False,False,,21.5,0.89,38874819175,1.41,Properti & Real Estat,Sell,Sell,,2026-09-28,Hindari dulu,Tren harian dan mingguan masih turun,,,
PNBN,840.0,-1.18,8.5,False,False,,29.0,0.74,2632622400,0.63,Keuangan,Sell,Sell,,2026-09-28,Hindari dulu,Tren harian dan mingguan masih turun,,,
PNIN,680.0,-1.45,8.5,False,False,,29.9,0.92,266904475,0.53,Keuangan,Sell,Sell,,2026-09-28,Hindari dulu,"Transaksi rata-rata di bawah Rp 500 juta/hari, terlalu sepi",,,
PNLF,196.0,-2.97,8.5,False,False,,23.5,0.93,8808779250,0.85,Keuangan,Sell,Sell,,2026-09-28,Hindari dulu,Tren harian dan mingguan masih turun,,,
PPRE,86.0,-4.44,8.5,False,False,,22.2,0.72,3473828520,1.64,Infrastruktur,Sell,Sell,,2026-09-28,Hindari dulu,Tren harian dan mingguan masih turun,,,
RICY,66.0,-8.33,8.5,False,False,,14.3,0.4,329737830,1.02,Konsumen Non-Primer,Sell,Sell,,2026-09-28,Hindari dulu,"Transaksi rata-rata di bawah Rp 500 juta/hari, terlalu sepi",,,
SCMA,167.0,-2.34,8.5,False,False,,22.0,0.68,12071362385,1.49,Konsumen Non-Primer,Sell,Sell,,2026-09-28,Hindari dulu,Tren harian dan mingguan masih turun,,,
SDRA,202.0,-1.94,8.5,False,False,,26.9,0.98,235831630,0.25,Keuangan,Sell,Sell,,2026-09-28,Hindari dulu,"Transaksi rata-rata di bawah Rp 500 juta/hari, terlalu sepi",,,
SMDM,488.0,-1.61,8.5,False,False,,29.0,0.87,32202475,0.75,Properti & Real Estat,Sell,Sell,,2026-09-28,Hindari dulu,"Transaksi rata-rata di bawah Rp 500 juta/hari, terlalu sepi",,,
SMRA,250.0,-1.57,8.5,False,False,,23.3,0.58,15652779770,0.83,Properti & Real Estat,Sell,Sell,,2026-09-28,Hindari dulu,Tren harian dan mingguan masih turun,,,
STTP,8925.0,-2.99,8.5,False,False,,25.6,0.34,27185125,0.17,Konsumen Primer,Sell,Sell,,2026-09-28,Hindari dulu,"Transaksi rata-rata di bawah Rp 500 juta/hari, terlalu sepi",,,
SULI,71.0,-8.97,8.5,False,False,,26.0,0.61,867008520,0.82,Barang Baku,Sell,Sell,,2026-09-28,Hindari dulu,Tren harian dan mingguan masih turun,,,
UDNG,476.0,-4.8,8.5,False,False,,25.6,0.8,8404923625,1.21,Konsumen Primer,Sell,Sell,,2026-09-28,Hindari dulu,Tren harian dan mingguan masih turun,,,
WIFI,1695.0,-1.74,8.5,False,False,,28.5,0.71,41078320775,1.76,Teknologi,Sell,Sell,,2026-09-28,Hindari dulu,Tren harian dan mingguan masih turun,,,
ASII,4670.0,-0.43,7.0,False,False,,37.4,0.58,215513600150,0.83,Perindustrian,Sell,Sell,,2026-09-28,Hindari dulu,Tren harian dan mingguan masih turun,,,
ASSA,585.0,-0.85,7.0,False,False,,38.5,0.37,7731229300,1.26,Transportasi & Logistik,Sell,Sell,,2026-09-28,Hindari dulu,Tren harian dan mingguan masih turun,,,
BIPI,131.0,-4.38,7.0,False,False,,37.2,0.45,91432116530,2.41,Energi,Sell,Sell,,2026-09-28,Hindari dulu,Tren harian dan mingguan masih turun,,,
BREN,3030.0,-0.66,7.0,False,False,,38.2,0.38,42287429200,1.45,Infrastruktur,Strong Sell,Sell,,2026-09-28,Hindari dulu,Tren harian dan mingguan masih turun,,,
BUKA,103.0,-0.96,7.0,False,False,,38.8,0.42,21859618370,0.82,Teknologi,Strong Sell,Sell,,2026-09-28,Hindari dulu,Tren harian dan mingguan masih turun,,,
CNMA,89.0,-1.11,7.0,False,False,,37.5,0.59,1913149485,0.64,Konsumen Non-Primer,Sell,Sell,,2026-09-28,Hindari dulu,Tren harian dan mingguan masih turun,,,
DEFI,77.0,-13.48,7.0,False,False,,30.7,0.4,10612210905,1.39,Keuangan,Sell,Sell,,2026-09-28,Hindari dulu,Tren harian dan mingguan masih turun,,,
DEWA,350.0,-1.69,7.0,False,False,,34.5,0.54,191142695370,2.46,Energi,Sell,Sell,,2026-09-28,Hindari dulu,Tren harian dan mingguan masih turun,,,
ELPI,580.0,-4.13,7.0,False,False,,34.8,0.28,1468911900,1.26,Transportasi & Logistik,Sell,Sell,,2026-09-28,Hindari dulu,Tren harian dan mingguan masih turun,,,
FILM,625.0,-4.58,7.0,False,False,,33.0,0.3,36648776800,1.61,Konsumen Non-Primer,Sell,Sell,,2026-09-28,Hindari dulu,Tren harian dan mingguan masih turun,,,
GTSI,138.0,-6.12,7.0,False,False,,35.2,0.79,4585956920,2.65,Energi,Sell,Sell,,2026-09-28,Hindari dulu,Tren harian dan mingguan masih turun,,,
HERO,318.0,-1.24,7.0,False,False,,32.2,0.33,46097280,0.59,Konsumen Primer,Sell,Sell,,2026-09-28,Hindari dulu,"Transaksi rata-rata di bawah Rp 500 juta/hari, terlalu sepi",,,
HUMI,116.0,-3.33,7.0,False,False,,34.9,0.76,6245019345,2.46,Energi,Sell,Strong Sell,,2026-09-28,Hindari dulu,Tren harian dan mingguan masih turun,,,
IDPR,248.0,-3.12,7.0,False,False,,30.9,0.13,35760970,0.17,Infrastruktur,Sell,Sell,,2026-09-28,Hindari dulu,"Transaksi rata-rata di bawah Rp 500 juta/hari, terlalu sepi",,,
IRRA,346.0,-1.7,7.0,False,False,,32.3,0.09,889573010,0.37,Kesehatan,Sell,Sell,,2026-09-28,Hindari dulu,Tren harian dan mingguan masih turun,,,
KAEF,408.0,-3.32,7.0,False,False,,33.7,0.21,2641400130,0.58,Kesehatan,Sell,Sell,,2026-09-28,Hindari dulu,Tren harian dan mingguan masih turun,,,
KLBF,720.0,-2.04,7.0,False,False,,36.7,0.94,57772072950,0.53,Kesehatan,Sell,Sell,,2026-09-28,Hindari dulu,Tren harian dan mingguan masih turun,,,
KONI,1945.0,-5.12,7.0,False,False,,31.0,0.63,40839100,1.13,Perindustrian,Sell,Sell,,2026-09-28,Hindari dulu,"Transaksi rata-rata di bawah Rp 500 juta/hari, terlalu sepi",,,
LMAX,99.0,-3.88,7.0,False,False,,37.8,0.44,120102300,1.13,Konsumen Non-Primer,Sell,Sell,,2026-09-28,Hindari dulu,"Transaksi rata-rata di bawah Rp 500 juta/hari, terlalu sepi",,,
MAIN,625.0,-2.34,7.0,False,False,,31.7,0.78,1319352875,0.8,Konsumen Primer,Sell,Sell,,2026-09-28,Hindari dulu,Tren harian dan mingguan masih turun,,,
MIDI,258.0,-0.77,7.0,False,False,,33.0,0.42,2496776880,0.71,Konsumen Primer,Sell,Sell,,2026-09-28,Hindari dulu,Tren harian dan mingguan masih turun,,,
MKPI,21475.0,-0.23,7.0,False,False,,31.4,0.9,887595750,0.1,Properti & Real Estat,Strong Sell,Sell,,2026-09-28,Hindari dulu,Tren harian dan mingguan masih turun,,,
MRAT,358.0,-2.19,7.0,False,False,,30.2,0.34,178198390,0.27,Konsumen Primer,Strong Sell,Sell,,2026-09-28,Hindari dulu,"Transaksi rata-rata di bawah Rp 500 juta/hari, terlalu sepi",,,
MTDL,498.0,0.0,7.0,False,False,,39.8,0.32,1127900875,0.4,Teknologi,Sell,Sell,,2026-09-28,Hindari dulu,Tren harian dan mingguan masih turun,,,
OBAT,222.0,-2.63,7.0,False,False,,34.8,0.36,209926240,0.49,Konsumen Primer,Sell,Sell,,2026-09-28,Hindari dulu,"Transaksi rata-rata di bawah Rp 500 juta/hari, terlalu sepi",,,
RATU,3980.0,-0.25,7.0,False,False,,32.7,0.29,45289328250,2.35,Energi,Sell,Sell,,2026-09-28,Hindari dulu,Tren harian dan mingguan masih turun,,,
RUIS,188.0,-4.08,7.0,False,False,,31.5,0.37,259642970,1.06,Energi,Sell,Sell,,2026-09-28,Hindari dulu,"Transaksi rata-rata di bawah Rp 500 juta/hari, terlalu sepi",,,
SMSM,1670.0,-0.89,7.0,False,False,,35.9,0.65,5815455950,0.3,Konsumen Non-Primer,Sell,Strong Sell,,2026-09-28,Hindari dulu,Tren harian dan mingguan masih turun,,,
TFAS,170.0,-6.59,7.0,False,False,,33.0,0.15,353088140,0.79,Teknologi,Sell,Sell,,2026-09-28,Hindari dulu,"Transaksi rata-rata di bawah Rp 500 juta/hari, terlalu sepi",,,
TPIA,1725.0,-4.17,7.0,False,False,,33.5,0.93,264801958775,1.6,Barang Baku,Sell,Sell,,2026-09-28,Hindari dulu,Tren harian dan mingguan masih turun,,,
WOOD,186.0,-2.11,7.0,False,False,,30.7,0.56,768555950,0.89,Konsumen Non-Primer,Sell,Sell,,2026-09-28,Hindari dulu,Tren harian dan mingguan masih turun,,,
YOII,74.0,0.0,7.0,False,False,,31.7,0.57,951274805,0.98,Keuangan,Sell,Sell,,2026-09-28,Hindari dulu,Tren harian dan mingguan masih turun,,,
ZATA,52.0,-5.45,7.0,False,False,,33.3,0.57,9799990355,1.85,Konsumen Non-Primer,Sell,Sell,,2026-09-28,Hindari dulu,Tren harian dan mingguan masih turun,,,
